영상 id,영화 제목,검색 키워드,영상 제목,조회수,좋아요수,댓글 수,생성된 날짜
YcMZZ3sjfxk,극한직업,극한직업 영화,"극한직업, 닭으로 닥치고 천만 찍어버릴 영화!",1718827,9951,1846,2019-02-02T01:01:58Z
7DRDMuMdxVY,극한직업,극한직업 영화,극한직업 수원왕갈비통닭을 먹었습니다.맛상무,893275,4965,1309,2019-02-10T05:45:02Z
8iQg4napg90,극한직업,극한직업 영화,영화 &quot;극한직업&quot;의  촬영 비하인드 스토리,874344,6357,1812,2019-02-03T05:19:01Z
jFd1X9j_9Os,극한직업,극한직업 영화,명절 개봉영화의 역사를 새로쓰는 영화 : &#39;극한직업&#39;리뷰,776131,2883,578,2019-01-31T13:02:53Z
-iHkdgvLBlY,극한직업,극한직업 영화,웃다 지린다고 소문난 극한직업 보고 만든 웃긴 영화 볼 때 갑분싸 유형ㅋㅋㅋㅋㅋㅋㅋㅋ,632532,10512,1410,2019-01-25T08:46:13Z
jGGPZKekX0s,극한직업,극한직업 영화,영화에 나온 치킨을 직접만들어서 친구에게 줬더니 반응이 ㅋㅋㅋㅋㅋ (극한직업 수원왕갈비통닭 만들기 ㅋㅋㅋㅋ),534181,8022,2899,2019-02-03T03:02:00Z
PwefBCv1sp8,극한직업,극한직업 영화,치킨 장사 대박난 마약반 형사들의 어정쩡한 코미디: 극한직업 리뷰,282719,2012,1511,2019-01-25T15:58:45Z
180SxIGYvjk,극한직업,극한직업 영화,에어프라이어로 수원왕갈비통닭 만들어봤어요! #극한직업 #영화속음식 #ASMR : Korean Fried Chicken with Soy Sauce [아내의 식탁],196307,5140,119,2019-02-21T08:00:00Z
e1M8NOBCfnk,극한직업,극한직업 영화,니블마마 치킨집 오픈?? 영화 극한직업 꿀잼 상황극~! 지금까지 이런맛은 없었다! 수원 왕갈비 통닭 먹방~!,131767,1612,531,2019-02-09T00:00:07Z
9Av2nPTh3aQ,극한직업,극한직업 영화,영화 극한직업 속 갈비 통닭 만들기 _ 간장베이스의 달콤 짭짤한 양념 레시피,108263,2026,94,2019-02-17T10:47:18Z
KgkMYRyopLo,극한직업,극한직업 영화,영화 극한직업 명대사로 장난전화 몰카!!!!!!!,108189,2050,163,2019-02-09T11:40:25Z
K4f6tGBVMtU,극한직업,극한직업 영화,"190123 영화 &#39;극한직업&#39; 츄잉챗 - 류승룡,이하늬,진선규,이동휘,공명,이병헌감독",103495,218,34,2019-01-24T04:36:58Z
89xiH_I5sJY,극한직업,극한직업 영화,[ 박준현 ] 영화 극한직업 수원왕갈비통닭 ! 갈비..? 치킨..? ( 먹방 MUKBANG 리뷰),99430,1189,190,2019-02-07T12:00:01Z
FuhSCfodw9s,극한직업,극한직업 영화,영화 극한직업 수원왕갈비통닭은 어떤맛일까? 만들어보기.,93252,567,331,2019-01-23T08:00:04Z
VTBAl0WQtis,극한직업,극한직업 영화,극한직업 마형사가 중국말 잘했던 이유 ㅋㅋㅋ,84228,500,67,2019-02-06T05:57:51Z
9Oy4dwWWREA,극한직업,극한직업 영화,커피 마시다가 뿜었을 만큼 빵빵 터지는 극한직업,79705,1304,311,2019-02-01T13:00:01Z
djBhj0S90Ig,극한직업,극한직업 영화,[스포없는리뷰] 극한직업 - 이 영화가 천만영화 급이냐고 물으신다면...,78437,2119,462,2019-02-08T06:57:31Z
HZst-COlde8,극한직업,극한직업 영화,190126 &#39;극한직업&#39; 무대인사 롯데시네마 센텀시티,72176,443,60,2019-01-26T13:25:38Z
SQ1cQMDjXiM,극한직업,극한직업 영화,32년차형사가 말하는 영화극한직업,66589,1461,168,2019-02-16T17:30:31Z
Q3VTPHU5fLI,극한직업,극한직업 영화,미친듯이 웃긴데 의미도 있는 코미디영화 극한직업,62040,298,96,2019-01-23T18:28:28Z
BgKqtTD2SJQ,극한직업,극한직업 명장면,&#39;&#39;극한직업&#39;&#39;보다 더 웃겼던 영화!! 해적: 바다로 간 산적 [유해진] 모음,12863,90,37,2019-02-17T20:47:27Z
ug7rjQCN9Es,극한직업,극한직업 명장면,[극한직업] 명장면 에피소드 모음,3195,11,5,2019-02-16T05:41:31Z
MA-IiZ9KOA8,극한직업,극한직업 명장면,영화 극한직업 치킨 파는 문재인ㅋㅋㅋㅋㅋ,2474,93,24,2019-02-09T08:27:15Z
WJ_nmgoW10Q,극한직업,극한직업 명장면,&#39;극한직업 마형사&#39; 진선규가 뽑은 명장면! (+노래 한소절)/190211[장항준 김진수의 미스터라디오],2098,37,2,2019-02-13T06:48:59Z
_nctEsm84wY,극한직업,극한직업 명장면,영화 [극한직업] 예고편,52,0,0,2019-02-04T14:39:38Z
U6oodeFrOtk,극한직업,극한직업 리뷰,올해는 믿고 보는 류승룡 가즈아 - 극한직업,129375,1486,334,2019-01-26T11:15:01Z
ijOuSx2nd58,극한직업,극한직업 리뷰,"극한직업, 제 취향은 아니었습니다",93880,924,1016,2019-01-31T03:08:29Z
Srw5A6RAl8E,극한직업,극한직업 리뷰,[깜콩TV] 극한직업&quot;수원왕갈비 통닭&quot; 직접 방문하여 맛보다 | 수원 통닭거리 | 남문통닭,26390,104,67,2019-02-06T07:35:15Z
gwuMPAhLTqI,극한직업,극한직업 리뷰,극한직업 _ 🍺영화 리뷰,12206,212,60,2019-01-23T11:45:29Z
vKI-2gPDIx0,극한직업,극한직업 리뷰,극한직업의 수원왕갈비통닭을 직접가봤다! 수원 맛집 통닭골목의 남문통닭 리뷰!  mukbang suwon fried chicken,6004,56,27,2019-02-08T09:55:29Z
gdftrcv-PKA,극한직업,극한직업 리뷰,영화 《극한직업》 리뷰&amp;후기. 재밌는데 보다보면 자꾸 XXX가 생각이 나.,5630,35,4,2019-02-03T15:38:42Z
fOUfd20YSOU,극한직업,극한직업 리뷰,영화극한직업 벤츠아줌마 무삭제영상,4705,29,7,2019-02-07T01:31:24Z
mMmUeNgOXJE,극한직업,극한직업 리뷰,극장안에서 빵!빵!터지는 웃음폭탄!!극&#39;극한직업&#39; {훈이삼촌의 영화세강},4561,13,8,2019-01-23T08:41:13Z
GSHZLXY679s,극한직업,극한직업 리뷰,"극한직업 영화, 극한직업 명대사, 극한직업 리뷰, 영화 극한직업, 이하늬, 진선규, 이병헌 감독, 수원왕갈비통닭,극한직업 영화 후기, Extreme job",4430,71,104,2019-02-05T09:31:23Z
w73AEU4-0bQ,극한직업,극한직업 리뷰,극한직업 수원통닭거리 진짜 맛집은 따로있다? 극한직업 진미통닭 리뷰 / 수원왕갈비통닭,4129,79,49,2019-02-14T12:00:29Z
fdoeZ-HpX0U,극한직업,극한직업 리뷰,알리타 후기리뷰 극장가1위극한직업분석 알리타 속편에나올 노바는 누구이며 자렘은 어떤곳?,3985,28,24,2019-02-12T13:24:35Z
p2iyxMRL7Ms,극한직업,극한직업 리뷰,고3 영서 혼자 영화보러 대전가다! | 극한 직업 후기 | 7분 압축 짧로그 |,3126,72,53,2019-01-30T12:20:32Z
fbpo__nh3bo,극한직업,극한직업 해석,천만영화 &#39;극한직업&#39; 흥행 돌풍 6가지 이유 분석 (스포X),156,6,1,2019-02-08T18:10:30Z
l8BTaXIYBjw,극한직업,극한직업 해석,맛집을 찾는 심리 (영화 극한직업 해석),137,12,0,2019-02-05T20:57:33Z
NboGykLmxsA,극한직업,극한직업 의미,"극한직업 리뷰. 메시지 연출의 실패, 개그의 부각",545,15,6,2019-01-28T15:54:46Z
9z4ZR68bcAQ,어벤져스: 엔드게임,어벤져스: 엔드게임 영화,역대 마블시리즈.. 어벤져스 G렸던 순간들《1부》,6386480,35655,5405,2019-04-24T09:46:25Z
HSHI1nlZF4k,어벤져스: 엔드게임,어벤져스: 엔드게임 영화,[*SPOILER*]Avengers : Endgame gag reel  어벤저스 엔드게임 개그릴,4479965,121576,3586,2019-05-16T10:04:24Z
fg9MQ8lIoX4,어벤져스: 엔드게임,어벤져스: 엔드게임 영화,(2탄)마블 덕후들의 숨막히는 마블 덕후 증명 대결 ㅋㅋㅋ(어벤져스 엔드게임),3662880,29897,2407,2019-05-15T08:34:22Z
5RnI2wVQaF0,어벤져스: 엔드게임,어벤져스: 엔드게임 영화,어벤져스 엔드게임이 남긴 떡밥 14개 총정리,3194999,25325,7709,2019-04-24T08:30:00Z
IuRJRWknRTA,어벤져스: 엔드게임,어벤져스: 엔드게임 영화,어벤져스 엔드게임 아껴보려던 형 따라다니면서 스포해버리기ㅋㅋㅋㅋㅋ,2461584,24109,2758,2019-05-12T06:13:03Z
nlr5pbjvJ9I,어벤져스: 엔드게임,어벤져스: 엔드게임 영화,★★더블비 어벤져스 엔드게임(Avengers: Endgame) 마블 히어로 패러디 모음집★★,2185198,17740,2156,2019-05-03T08:30:00Z
yQyTdZiNugY,어벤져스: 엔드게임,어벤져스: 엔드게임 영화,어벤져스 엔드게임 정리 및 강력한 다음 빌런(최고의 명장면 명대사?),1904995,9651,6111,2019-04-25T05:23:30Z
1XMtutT1-kE,어벤져스: 엔드게임,어벤져스: 엔드게임 영화,어벤져스 엔드게임 삭제 장면 총정리,1898864,14679,1436,2019-05-12T01:00:00Z
j4U5F8s8ylo,어벤져스: 엔드게임,어벤져스: 엔드게임 영화,알면 알수록 보이는 어벤져스 엔드게임 오마주와 떡밥 정리,1827813,12000,2060,2019-05-04T08:00:07Z
iU-mrvYfbxM,어벤져스: 엔드게임,어벤져스: 엔드게임 영화,영화 “어벤져스 엔드게임”  촬영 비하인드 스토리,1741269,33779,22053,2019-05-06T13:14:44Z
KegeiXim7S4,어벤져스: 엔드게임,어벤져스: 엔드게임 영화,현질하고 인피니티워 엔드게임 타노스와 붙으면? [퓨처 파이트 어벤져스],1627336,7966,1121,2019-05-13T12:30:36Z
FXKIo_sOrBw,어벤져스: 엔드게임,어벤져스: 엔드게임 영화,너프전쟁 : 어벤져스 엔드게임 (스포없음) // 코너 Korner,1551149,8026,888,2019-04-26T22:00:03Z
v3dIPJqpdGA,어벤져스: 엔드게임,어벤져스: 엔드게임 영화,어벤져스 엔드게임 커플탐구 1탄 토니&amp;피터 결정적 케미장면 모음.zip | 어벤져스4 신드롬의 비밀 공개 | 시빌워 부터 스파이더맨 파프롬홈까지 환상케미 총집합!,1386664,20465,772,2019-05-09T09:37:01Z
LjliDFKe1gI,어벤져스: 엔드게임,어벤져스: 엔드게임 영화,"[강력스포] 완벽했던 아이언맨과 캡틴 아메리카의 10년치 떡밥과 회수, 그리고 아쉬운 설정 붕괴 - 어벤져스 엔드 게임 리뷰",1340993,10419,2468,2019-05-05T14:28:16Z
TXEdCTc1OUM,어벤져스: 엔드게임,어벤져스: 엔드게임 영화,어벤져스 엔드게임 속  숨겨진 의미 11가지 총정리,1258362,9069,2654,2019-04-27T09:50:52Z
baboIltANfI,어벤져스: 엔드게임,어벤져스: 엔드게임 영화,엔드게임의 숨겨진 비하인드 스토리,1219296,12702,1540,2019-05-18T10:28:11Z
OSY9GuWiXFs,어벤져스: 엔드게임,어벤져스: 엔드게임 영화,어벤져스 4:엔드게임 ost (포탈 등장 씬 ost) 어벤져스 어셈블 avengers:endgame ost portals,1172221,10644,2798,2019-04-27T07:09:30Z
14zQE1jjcHQ,어벤져스: 엔드게임,어벤져스: 엔드게임 영화,어벤져스 엔드게임이 남긴 의문점들 총정리,1093644,8546,2510,2019-05-01T08:30:01Z
fU_W7oKwuWM,어벤져스: 엔드게임,어벤져스: 엔드게임 영화,마블 어벤져스4 엔드게임 최강 히어로 TOP 30 - Avengers 4 Endgame,1078684,7249,3835,2019-05-11T06:28:46Z
HxwEWhsctZ4,어벤져스: 엔드게임,어벤져스: 엔드게임 영화,어벤져스 엔드게임이 끝이 아닐거다?! 널려있는 떡밥,1056222,5826,2543,2019-04-24T09:37:02Z
iPcs31xAscw,어벤져스: 엔드게임,어벤져스: 엔드게임 명장면,엔드게임까지 역대 &quot;아이언맨 최고의 순간들&quot; 총정리,1738282,10199,1273,2019-05-13T10:58:10Z
4VaOd-Otz78,어벤져스: 엔드게임,어벤져스: 엔드게임 명장면,마블 어벤져스4 가장 감동적이었던 오마주 명장면 TOP 14 - 3000만큼 사랑해,1322141,11379,2716,2019-04-27T05:10:52Z
sm-9lAjMC2o,어벤져스: 엔드게임,어벤져스: 엔드게임 명장면,엔드게임 제작진이 직접 말해주는 논란의 장면들 뒷이야기,1024397,6501,3236,2019-05-11T05:56:17Z
VhaJ_G3kR0Y,어벤져스: 엔드게임,어벤져스: 엔드게임 명장면,&quot;어벤져스 엔드게임&quot; 삭제 장면 내용정리,839714,7764,1203,2019-05-09T11:00:33Z
oPgSxzuz0Bg,어벤져스: 엔드게임,어벤져스: 엔드게임 명장면,한국에서만 이해못했던 엔드게임 속 논란의 장면,720706,4910,1462,2019-05-06T05:40:03Z
ytDx6K0eKoM,어벤져스: 엔드게임,어벤져스: 엔드게임 명장면,마블 어벤져스4 10 년의 기다림 끝에 들을 수 있었던 최고의 명대사 TOP 10 + 4DX 후기,694886,8351,1934,2019-05-03T09:53:09Z
kXwQmFAH-Rg,어벤져스: 엔드게임,어벤져스: 엔드게임 명장면,아이언맨이 85개의 슈트를 만든 이유와 해피 엔딩이란?,653668,6968,1272,2019-04-28T01:00:04Z
JK0FiXYCNBE,어벤져스: 엔드게임,어벤져스: 엔드게임 명장면,엔드게임을 끝으로 마블을 완전히 떠난 히어로들,596607,4487,1243,2019-05-12T07:56:45Z
6rDUuHtTva4,어벤져스: 엔드게임,어벤져스: 엔드게임 명장면,어벤져스 엔드게임 커플탐구 2탄 토르&amp;로키 결정적 케미장면 모음.zip,552422,7656,552,2019-05-17T11:32:55Z
p9gi8SgEyNA,어벤져스: 엔드게임,어벤져스: 엔드게임 명장면,엔드게임까지 역대 “캡틴 아메리카 최고의 순간들” 총정리,489202,4344,937,2019-05-19T10:15:17Z
ovePLIsnrhs,어벤져스: 엔드게임,어벤져스: 엔드게임 명장면,엔드게임 이후 마블의 미래를 바꿀 최강 어벤져 멤버 5인,426578,1949,1424,2019-04-27T06:28:56Z
Qhs6YzhKJ8k,어벤져스: 엔드게임,어벤져스: 엔드게임 명장면,어벤져스 엔드게임 속 최고의 명대사 TOP 11,398602,4380,1122,2019-05-02T08:11:26Z
UNCwqkAQJ0s,어벤져스: 엔드게임,어벤져스: 엔드게임 명장면,어벤져스 엔드게임 명장면 5(480P),334634,2051,462,2019-05-07T03:06:45Z
YNJ4Tc9qD4w,어벤져스: 엔드게임,어벤져스: 엔드게임 리뷰,(스포)엔드게임에서 타노스가 무서워한 영웅은 따로 있었다? ㄷㄷ;;,1976017,13184,4314,2019-04-26T10:08:30Z
fuDjUz_MCwE,어벤져스: 엔드게임,어벤져스: 엔드게임 리뷰,엔드게임 이후의 아이언맨은 어떻게 될까? (스포주의),1008200,14195,6722,2019-04-28T01:00:05Z
Qn7CAMwBROA,어벤져스: 엔드게임,어벤져스: 엔드게임 리뷰,"엔드게임, 오, 캡틴! 아메리카의 최고 빵댕이 (스포리뷰)",750887,7938,2757,2019-04-28T07:12:45Z
2fKf0MdpD8k,어벤져스: 엔드게임,어벤져스: 엔드게임 리뷰,"어벤져스 엔드게임, 떡밥 간단 정리 (강스포)",511729,6354,2404,2019-04-24T09:20:17Z
JBZWkJvmdaQ,어벤져스: 엔드게임,어벤져스: 엔드게임 리뷰,마블 차기작으로 이어지는 엔드게임 떡밥 4가지! (스포주의),483709,3472,1695,2019-04-25T11:15:34Z
i5_MJE_85sM,어벤져스: 엔드게임,어벤져스: 엔드게임 리뷰,[어벤져스: 엔드게임] 리뷰영상,399753,786,116,2019-04-30T07:07:33Z
StjLB30gs1Q,어벤져스: 엔드게임,어벤져스: 엔드게임 리뷰,"어벤져스 앤드게임 이후, 현시각 최대의 피해자",369298,1687,1066,2019-05-03T17:27:32Z
El3aAKiq0ds,어벤져스: 엔드게임,어벤져스: 엔드게임 리뷰,어벤져스 아이언맨 무기 싹다 가져왔습니다 !! (어벤져스 엔드게임 무기 신제품 리뷰 1탄!) // 코너 Korner,189794,1698,458,2019-05-08T08:58:00Z
4wLvTYFcAQo,어벤져스: 엔드게임,어벤져스: 엔드게임 리뷰,어벤져스4 엔드게임 숨겨진 쿠키영상 5가지,187729,799,396,2019-04-24T08:59:38Z
q-L_34lTpww,어벤져스: 엔드게임,어벤져스: 엔드게임 리뷰,우리가 낚였던 어벤져스: 엔드게임의 예고편을 살펴보자,186125,2278,606,2019-04-28T12:00:07Z
GExje0oW3y4,어벤져스: 엔드게임,어벤져스: 엔드게임 리뷰,"어벤져스 엔드게임 노스포 리뷰!, 엔드게임 보기전에 보고가야할 영화 총정리",184352,2440,850,2019-04-24T03:00:19Z
GCr5GOqKx1o,어벤져스: 엔드게임,어벤져스: 엔드게임 리뷰,[스포있는리뷰] 어벤져스: 엔드게임 - 이 시대에 살아서 다행이야,180732,5760,1333,2019-05-01T02:41:45Z
3g4K-aQQx50,어벤져스: 엔드게임,어벤져스: 엔드게임 리뷰,이번엔 스파이더맨 무기 다 가져왔습니다 !! (어벤져스 엔드게임 무기 신제품 리뷰 2탄!) // 코너 Korner,161845,1499,239,2019-05-15T08:58:11Z
UBtGRrUro4A,어벤져스: 엔드게임,어벤져스: 엔드게임 리뷰,(스포없음) 어벤져스: 엔드게임 다 까는 후기 - 팬들에게 바치는 헌사,107760,1513,441,2019-04-24T10:00:03Z
5IqR6b-MexQ,어벤져스: 엔드게임,어벤져스: 엔드게임 해석,엔드게임 1회차 관람자는 절대 발견할 수 없는 장면들 디테일 (소름 유발 영상),2324765,18826,3641,2019-04-28T09:23:29Z
dbkrsM7epGc,어벤져스: 엔드게임,어벤져스: 엔드게임 해석,어벤져스 엔드 게임 모든 오마주 &amp; 떡밥 놓치지 않고 완벽 정리!,888163,8020,1329,2019-05-01T11:56:43Z
9IAf_AuNRz4,어벤져스: 엔드게임,어벤져스: 엔드게임 해석,어벤져스 엔드게임을 본 사람들이라면 의문점이 생겼을 마지막 장면 해석,645405,3605,1510,2019-04-30T13:32:44Z
GdXr3dcW8Pg,어벤져스: 엔드게임,어벤져스: 엔드게임 해석,마블 어벤져스 4 승리할 수 있는 단 한가지 방법 총정리 &amp; 해석,515096,3135,1251,2019-04-25T02:30:04Z
uMOCKYTwSQw,어벤져스: 엔드게임,어벤져스: 엔드게임 해석,마블이 10년동안 설계했다는 엔드게임 결말의 비밀,358215,3010,520,2019-05-15T07:31:18Z
vQ9qjQAdZoY,어벤져스: 엔드게임,어벤져스: 엔드게임 해석,어벤져스 엔드 게임 번역을 ㅂㅈㅎ 했다는 증거들!?  [스포주의],223796,2469,950,2019-05-06T18:07:03Z
OVRXWEc0eQ8,어벤져스: 엔드게임,어벤져스: 엔드게임 해석,[어벤져스:엔드게임]개봉날 즉석으로 티켓팅 도전해보았습니다! 취소표가 나왔다?! - 허팝 (Interpret End of Avengers : Endgame),152168,2247,844,2019-04-24T11:17:33Z
OlW0hfFtPiY,어벤져스: 엔드게임,어벤져스: 엔드게임 해석,어벤져스: 엔드게임 엔딩에서 캡틴이 어떻게 된 거지? 평행우주 완전분석! 시간여행으로 분화된 우주 정리해드립니다!,113910,1580,434,2019-05-03T07:00:02Z
4_UbBPl7yps,어벤져스: 엔드게임,어벤져스: 엔드게임 해석,[어벤져스 엔드게임] 마지막 장면 (노인이 된 캡틴 아메리카),77756,314,184,2019-04-25T09:42:20Z
KwAZR0TSGSI,어벤져스: 엔드게임,어벤져스: 엔드게임 해석,어벤져스 엔드게임 떡밥들과 &#39;마블 오피셜 타임라인 2022년&#39;,60232,891,257,2019-04-26T08:29:44Z
yekIhUNr1CE,어벤져스: 엔드게임,어벤져스: 엔드게임 해석,어벤져스 엔드게임 해석 미션장소와 숨겨진 의미 총정리,58264,603,138,2019-05-01T13:45:39Z
aDDk7O2TjEc,어벤져스: 엔드게임,어벤져스: 엔드게임 해석,어벤져스 엔드게임 블랙위도우 죽음과 아담워록 단서 : 11가지 의문,41876,341,148,2019-05-06T02:00:04Z
SG5rWyCDr6g,어벤져스: 엔드게임,어벤져스: 엔드게임 해석,어벤져스 엔드게임 _ 🍺영화 리뷰,40624,590,221,2019-04-24T09:58:04Z
EOGPMIa4V1g,어벤져스: 엔드게임,어벤져스: 엔드게임 해석,어벤져스 엔드게임 해석 편 [줄거리 알려줌] 캡틴 아메리카는 어디서 나타났나?,33616,327,167,2019-04-26T13:19:09Z
TR-8rFNZ2Hw,어벤져스: 엔드게임,어벤져스: 엔드게임 해석,스포주의 어벤져스 엔드게임 결말 해석,28384,313,262,2019-04-29T09:00:39Z
QxBS1Cc6CcE,어벤져스: 엔드게임,어벤져스: 엔드게임 해석,"어벤져스 엔드게임 끝나고 생긴 의문, 미래, 질문 모아봤습니다! ※스포일러 폭풍※",27880,317,156,2019-04-25T07:29:29Z
yAQmZbKB9Lk,어벤져스: 엔드게임,어벤져스: 엔드게임 해석,어벤져스 엔드게임 봐도 이해 안되는 결말 해석,27524,126,174,2019-04-27T07:19:14Z
q9BDgrbMWpA,어벤져스: 엔드게임,어벤져스: 엔드게임 해석,어벤져스 엔드게임 각본가들이 생각한 페기 카터 남편의 정체 그리고 두 아들의 이야기,26566,262,52,2019-05-14T14:38:45Z
5HqimIbiwBI,어벤져스: 엔드게임,어벤져스: 엔드게임 의미,어벤져스의 시작과 끝 &#39;인피니티 스톤&#39;,1272653,9409,1012,2019-04-27T03:47:27Z
vB_XTFcufs4,어벤져스: 엔드게임,어벤져스: 엔드게임 의미,어벤져스 엔드게임 우리는 몰랐던 &quot;숨겨진 이야기&quot; 총정리,722528,6130,1182,2019-05-16T08:56:22Z
MZaOhUWhWl0,어벤져스: 엔드게임,어벤져스: 엔드게임 의미,&#39;엔드 게임&#39; 이해가 안됐다면 꼭 보세요! 영화 속 상황들의 의미와 캐릭터의 심리 상태 총정리,621483,19654,2360,2019-04-28T00:45:09Z
vh9u5uWr64I,어벤져스: 엔드게임,어벤져스: 엔드게임 의미,엔드게임 6개 숨은 의미분석(스포),223173,1704,574,2019-04-25T10:13:56Z
Cbl8NrZMl3E,어벤져스: 엔드게임,어벤져스: 엔드게임 의미,많은 사람들이 착각하는 “3000만큼 사랑해”의 진정한 의미,197182,2157,340,2019-05-05T10:14:16Z
WzrtTdlm7dY,어벤져스: 엔드게임,어벤져스: 엔드게임 의미,"어벤져스 엔드게임, 캡틴이 사용한 그 &#39;무기&#39;의 의미",89555,499,180,2019-05-21T09:00:04Z
zBPF9s0fvx8,어벤져스: 엔드게임,어벤져스: 엔드게임 의미,어벤져스 엔드게임 아이언맨 슈트착용씬모음,30766,102,8,2019-05-07T12:48:49Z
XtfapdbNpiM,어벤져스: 엔드게임,어벤져스: 엔드게임 의미,어벤져스 엔드게임 명대사,19787,134,9,2019-05-07T12:29:41Z
syTXi8OuOoY,어벤져스: 엔드게임,어벤져스: 엔드게임 의미,레고 어벤져스 엔드게임 미니피규어 보관함 국내 20명 한정판 당첨!!!,11852,198,172,2019-05-18T08:41:23Z
V6ZlsEPofAU,어벤져스: 엔드게임,어벤져스: 엔드게임 의미,[스포포함]어벤져스 엔드게임 #3000만큼사랑해 숨겨진의미 뇌피셜 리뷰,10592,24,41,2019-04-26T02:47:46Z
MphcwUoZ1kw,어벤져스: 엔드게임,어벤져스: 엔드게임 의미,“3000만큼 사랑해”…&#39;어벤져스&#39; 로다주 딸 대사에 숨겨진 의미 - TN24h NEWS,6432,14,3,2019-05-03T07:25:57Z
7js8YBs7lh0,어벤져스: 엔드게임,어벤져스: 엔드게임 의미,&#39;엔드게임&#39; 속 시간여행에 대한 설명과 해석,5395,107,42,2019-04-29T18:52:08Z
CXMipPLekX8,어벤져스: 엔드게임,어벤져스: 엔드게임 의미,엔드게임 3000만큼 의미 ~!!,3713,10,12,2019-04-26T15:55:58Z
ZMrSTM3gcqQ,어벤져스: 엔드게임,어벤져스: 엔드게임 의미,"[뉴있저] &#39;어벤져스:엔드게임&#39; 1,000만 돌파 눈앞 / YTN",2367,18,3,2019-05-02T11:54:02Z
lobH56tIvBQ,어벤져스: 엔드게임,어벤져스: 엔드게임 의미,아이언맨이 말한 어벤져스와 리벤져스 뜻? 차이점은?,1618,34,12,2019-05-20T11:45:01Z
2TtjAkp5XCM,어벤져스: 엔드게임,어벤져스: 엔드게임 의미,21세기 명작이란 이런 것; 어벤져스 엔드게임 리뷰,277,13,2,2019-05-02T15:19:19Z
Uww7Gu6-OE4,엑시트,엑시트 영화,슈퍼히어로 (영화 엑시트 삽입곡) SUPER HERO (EXIT OST Ver.),944288,6595,564,2019-07-31T03:10:04Z
_oetCaEBf_s,엑시트,엑시트 영화,"실감나서 넘 웃긴 &#39;사람 살려주세요&#39; Live : 조정석, 윤아, 유수빈, 배유람 Rescue request : 영화 &#39;엑시트&#39; 700만 땡큐 쇼케이스 : 롯데시네마 시네파크",719365,9941,441,2019-08-15T03:21:35Z
QnCP8TrTxag,엑시트,엑시트 영화,엑시트가 깨부셔버린 기존 재난 영화의 9가지 클리셰,562772,7710,1511,2019-08-02T12:03:55Z
opPFWdpCO8c,엑시트,엑시트 영화,[엑시트 엔딩곡 OST] 슈퍼히어로 M/V,399328,4290,735,2019-08-06T05:01:44Z
8V_eefVMZBY,엑시트,엑시트 영화,"[ENG] 웃겨서 고통받는 윤아 와 조정석 (MC 박지선) YoonA(SNSD), Jo Jung Suk, painful and funny : 영화 엑시트 라이브챗 GV",353844,3248,200,2019-08-01T10:31:56Z
5MSlOsPICNI,엑시트,엑시트 영화,"18만 유튜버 라이너와 &#39;엑시트&#39; 토론하다 빡친 영화 평론가, 최후의 카드 꺼내들다?!ㅣ정영진 최욱의 매불쇼",304566,4176,620,2019-08-08T10:00:29Z
9ZuRhI5qSxY,엑시트,엑시트 영화,엑시트 명장면,271046,2341,266,2019-08-03T14:44:50Z
eEivM-rCUZ0,엑시트,엑시트 영화,영화 기생충 아줌마 똑같이 따라하는 태연 &amp; 엑시트 용남 (조정석) 참치 회사 취직 소식을 들은 태연,212534,2104,101,2019-08-20T14:24:06Z
e7EIZgf_wx8,엑시트,엑시트 영화,“따따따~” &#39;엑시트&#39; SOS 구조신호 - 모스 부호 (feat.임윤아 Yoona),193112,1588,342,2019-07-31T07:23:16Z
PgJ_0BFtjxE,엑시트,엑시트 영화,&#39;엑시트&#39; &#39;슈퍼히어로&#39; 뮤직비디오,123508,1914,245,2019-08-02T05:27:55Z
9U2EKR4-Ha4,엑시트,엑시트 영화,“사람 살려~주세요!” 엑시트(EXIT) ‘따따따’에 빵~터진 임윤아(Yoona) (feat.유수빈-배유람) @땡큐 쇼케이스 (2019.8.14),96911,1119,147,2019-08-14T13:11:10Z
g-6h3pJ1WnE,엑시트,엑시트 영화,존잼이라는게 대반전 - 엑시트,75070,1553,313,2019-08-05T00:00:05Z
xcnvR1egCXI,엑시트,엑시트 영화,엑시트 가이드 리뷰 by 발없는새,65226,1178,587,2019-08-02T08:22:45Z
SyJ-_vddz0Y,엑시트,엑시트 영화,"영화 엑시트 조정석, 윤아 무대인사 _ 최소한명 울었음!",51406,710,43,2019-08-03T11:33:24Z
eNEVVZyS3u4,엑시트,엑시트 영화,"이승환 - 슈퍼히어로(SUPERHERO), 영화 엑시트(EXIT)",38676,478,6,2019-08-02T15:06:37Z
H8S_30HXCCw,엑시트,엑시트 영화,Exit (2019) 엑시트 Movie Review | EONTALK,38395,530,129,2019-07-31T10:22:46Z
CnSpYKC9zso,엑시트,엑시트 영화,&#39;엑시트&#39;(EXIT) 엔딩송 - 이승환 &#39;슈퍼히어로&#39;(Super Hero) MV,36573,465,30,2019-08-05T02:36:16Z
4aBKedAiFbo,엑시트,엑시트 영화,조정석의 명대사 Live + 철봉씬 비하인드 : Jo Jung Suk : 영화 &#39;엑시트&#39; 라이브챗 GV : 롯데시네마 월드타워 5관,35381,244,27,2019-08-01T03:34:01Z
n1pnvMc3Ckc,엑시트,엑시트 영화,&#39;엑시트&#39; 가 천만영화 될 것 같은 합리적 의심,34086,614,148,2019-08-02T08:59:17Z
HqxMXIzlJEw,엑시트,엑시트 영화,[영화 엑시트 ost] 이승환-슈퍼히어로(Super Hero),31377,291,21,2019-08-03T04:48:13Z
_Ffzoin5rVk,엑시트,엑시트 명장면,엑시트 명장면을 따라해보자 2탄,10064,239,96,2019-08-12T10:11:51Z
rR2SuToo8LE,엑시트,엑시트 명장면,엑시트 마지막 명장면,9415,26,43,2019-08-13T08:51:17Z
Baa91AFrhWU,엑시트,엑시트 명장면,190814 엑시트 땡큐 쇼케이스 윤아 ( 명장면 토크 ) 4K 60P 직캠 Fancam,1939,108,4,2019-08-14T16:36:49Z
T_ZhGEjcj7c,엑시트,엑시트 명장면,190814윤아명장면 관람직캠 700만 감사쇼케이스 엑시트,880,20,1,2019-08-21T05:48:50Z
rifijyrcE14,엑시트,엑시트 명장면,EXIT_ 엑시트 10초 후기 영상 이게 바로 명장면,453,2,0,2019-08-14T13:35:11Z
UhN2W10F_KY,엑시트,엑시트 명장면,190814 윤아/조정석 외 - 영화 엑시트 700만 기념 쇼케이스 명장면 토크,47,4,0,2019-08-22T16:13:49Z
3cLCIAqEcFY,엑시트,엑시트 리뷰,봉오동 전투를 봤더니 엑시트를 칭찬하고 싶어졌다.,103029,2321,1055,2019-08-11T10:15:15Z
BGSnc0I0ZXs,엑시트,엑시트 리뷰,기자 4명이 몰표를 줬다고? #엑시트 VS #사자 전격 리뷰,24474,407,96,2019-08-02T12:22:32Z
kF7LV-yL7iY,엑시트,엑시트 리뷰,엑시트 _ 🍺영화 리뷰,14614,276,119,2019-07-31T10:15:46Z
-iSFovt3R3A,엑시트,엑시트 리뷰,[엑시트tv] 나이키 조이라이드 달려보고 쓴 리뷰! 이건 사지 마세요! 달리기를 위한다면~,13324,76,38,2019-08-15T15:28:47Z
wa-5A8zwCPQ,엑시트,엑시트 리뷰,엑시트 영화리뷰/후기 조정석 윤아의 웃긴 재난영화 쿠키영상 있다?없다?:깐깐크리틱,12788,44,34,2019-07-31T18:15:01Z
e2feP_jYjVA,엑시트,엑시트 리뷰,영화 엑시트가 완벽한 재난안전교육용 영상인 이유 (약스포),10475,119,17,2019-08-07T04:33:13Z
5LhWe0yMRwE,엑시트,엑시트 리뷰,[춤추는또봇]엑시트 리얼 후기 쿠키영상?(#스포3%),8589,20,23,2019-08-01T05:11:12Z
RE7VRP-NZRk,엑시트,엑시트 리뷰,영화 [엑시트] 솔직하게 리뷰할게요 - 인주택,8004,204,51,2019-08-09T09:00:11Z
b-OL__9js2s,엑시트,엑시트 리뷰,재난탈출영화 엑시트에서 뭔가 이상했던 드론들과 조정석 윤아,7887,53,46,2019-08-05T23:00:05Z
Q_LAl32tZdU,엑시트,엑시트 리뷰,영화 엑시트 솔직 관람 후기,4630,86,73,2019-08-06T14:17:43Z
V3JAEYsjJFU,엑시트,엑시트 리뷰,"가볍고 신선한 재난 영화?, 엑시트 리뷰 (4DX)",4337,69,17,2019-08-04T05:46:49Z
C5LUTiTSmNc,엑시트,엑시트 리뷰,한국판 미션 임파서블?! &quot;엑시트&quot; 영화 리뷰 ㅡ 배우 박효준의 시네마 헬 [EXIT],2534,68,9,2019-08-21T09:00:30Z
4_FfdEM-jUY,엑시트,엑시트 리뷰,엑시트가 천만 갈 수밖에 없는 3가지 이유,1882,34,4,2019-08-14T02:59:43Z
J7f8nEAAcas,엑시트,엑시트 리뷰,រីវ្យូ​ភាពយន្ត​ - EXIT 엑시트 영화 리뷰​ - Movie Review - អារម្មណ៍​ក្រោយ​ពេល​ទស្សនា,1451,45,15,2019-08-29T16:50:58Z
wAt-BkxCubI,엑시트,엑시트 리뷰,[엑시트tv 뒷담화 까는 리뷰]비지니스 노트북 꼭 사야할까? (feat HP 프로북 G6) 노트북 사기전 꼭 먼저 보세요,1292,9,0,2019-08-27T14:32:12Z
ZO6S1mAzz_k,엑시트,엑시트 해석,[엑시트 OST] 이승환 - 슈퍼히어로 (엑시트 VER.) 가사,97030,811,133,2019-08-01T11:42:43Z
xsQSIPvdmlA,엑시트,엑시트 해석,이 영화가 흥행하고 있는 진짜 이유 (영화 엑시트 리뷰),899,23,10,2019-08-16T12:20:18Z
hR4OksYWPKg,엑시트,엑시트 해석,영화 엑시트 / 재난탈출의 강한 의지를 캘리로 해석하다,54,4,0,2019-08-03T14:46:41Z
NC6ZcELDID8,엑시트,엑시트 의미,[영화살롱] 엑시트ㅣ유쾌한 오락영화 속에 얼마나 많은 것을 의미있게 담을 수 있는지 보여준 작품!,2192,48,0,2019-08-11T16:17:38Z
k0yCHl4yW7Y,스파이더맨: 파 프롬 홈,스파이더맨: 파 프롬 홈 영화,스파이더 맨 &#39;파 프롬 홈&#39; 쿠키 영상에 숨겨진 비밀들 (솔직 감상 후기),1374952,12064,3422,2019-07-02T10:30:06Z
H6uaL5EO0M8,스파이더맨: 파 프롬 홈,스파이더맨: 파 프롬 홈 영화,[SPOILER] MEAN Spiderman : Far From Home  파프롬홈 개그릴,1108029,34440,1608,2019-07-24T08:45:55Z
xuE94VS2kp4,스파이더맨: 파 프롬 홈,스파이더맨: 파 프롬 홈 영화,한 번 봐서는 알 수 없는 스파이더맨 파 프롬 홈 19가지 포인트,840783,6807,696,2019-07-11T01:00:05Z
cFY_OyQS1dI,스파이더맨: 파 프롬 홈,스파이더맨: 파 프롬 홈 영화,완전 멋있어진 파프롬홈 스파이더맨! 티어3 만들기  [퓨처 파이트],763992,3976,773,2019-07-09T06:18:59Z
G1wP5dCV4PY,스파이더맨: 파 프롬 홈,스파이더맨: 파 프롬 홈 영화,"스파이더맨 파 프롬 홈, 쿠키 떡밥풀이",496777,3543,864,2019-07-02T01:54:24Z
qwlolOGw1DI,스파이더맨: 파 프롬 홈,스파이더맨: 파 프롬 홈 영화,"스파이더맨 파 프롬 홈, 전작의 떡밥, 포인트, 쿠키 해석",415514,4652,1036,2019-07-02T11:02:59Z
AmO4eYW9Sh8,스파이더맨: 파 프롬 홈,스파이더맨: 파 프롬 홈 영화,스파이더맨: 파 프롬 홈의 쿠키영상에 대해 알려주마,368657,3176,624,2019-07-04T10:00:01Z
nTM-u3C89w0,스파이더맨: 파 프롬 홈,스파이더맨: 파 프롬 홈 영화,‘스파이더맨 : 파 프롬 홈’ 충격 엔딩과 쿠키의 전말 (스포),333500,2426,388,2019-07-02T04:57:20Z
nhXlb-QFbyQ,스파이더맨: 파 프롬 홈,스파이더맨: 파 프롬 홈 영화,마블의 소니 인수 각? 스파이더맨 파프롬홈 쿠키 분석!,332085,2945,678,2019-07-07T08:18:13Z
bz8SM56ccFI,스파이더맨: 파 프롬 홈,스파이더맨: 파 프롬 홈 영화,[스파이더맨: 파 프롬 홈] 톰 홀랜드X제이크 질렌할 덕업일치 인터뷰!(feat.아론),311636,0,387,2019-07-06T09:00:07Z
_Kj0Ytd-MGM,스파이더맨: 파 프롬 홈,스파이더맨: 파 프롬 홈 영화,스파이더맨 파프롬홈 쿠키영상만 정리!,290409,2794,555,2019-07-03T08:34:00Z
JuP1fc80qJA,스파이더맨: 파 프롬 홈,스파이더맨: 파 프롬 홈 영화,"스파이더맨 파 프롬 홈, 미묘하게 즐거운 불편함",277455,3916,733,2019-07-11T11:41:28Z
bVRgE8PR3Go,스파이더맨: 파 프롬 홈,스파이더맨: 파 프롬 홈 영화,스파이더맨 파프롬홈 쿠키해석 및 반전에 관한 7가지 숨은 의도 : 스포주의,233173,2299,319,2019-07-12T12:00:06Z
vyesAp7_zfo,스파이더맨: 파 프롬 홈,스파이더맨: 파 프롬 홈 영화,스파이더맨 파프롬홈 :  모든 게 좋았다... 아이언맨 능욕만 빼면(강스포주의),220546,3068,846,2019-07-19T10:42:42Z
g6lfPBumurU,스파이더맨: 파 프롬 홈,스파이더맨: 파 프롬 홈 영화,예고편에 나왔던 이 장면이 통으로 삭제된 이유 (나는 파 프롬 홈 2번 보고 알았음),209794,2691,655,2019-07-16T09:25:33Z
YAxMGl3npBw,스파이더맨: 파 프롬 홈,스파이더맨: 파 프롬 홈 영화,스파이더맨 때문에 MCU가 위험해질 수도 있다,201061,2414,761,2019-07-14T11:00:04Z
cCHwGehZiV4,스파이더맨: 파 프롬 홈,스파이더맨: 파 프롬 홈 영화,&#39;스파이더맨: 파 프롬 홈&#39;에도? 들으면 깜짝 놀랄 &#39;알라딘&#39; 배우들의 신작,178648,1711,142,2019-07-07T05:15:06Z
F2gVqJEzy2U,스파이더맨: 파 프롬 홈,스파이더맨: 파 프롬 홈 영화,스파이더맨 파프롬홈 감독이 직접 밝힌 아이언 스파이더가 아닌 레드블랙 슈트를 입은 이유,166356,1532,507,2019-07-06T09:00:01Z
gveTZ4HL9Wk,스파이더맨: 파 프롬 홈,스파이더맨: 파 프롬 홈 영화,[시네트워크] 리드무비x지무비! 대유잼 마블영화! (feat . 스파이더맨 : 파 프롬 홈),150989,305,143,2019-07-02T03:00:02Z
_LWH3Qka2io,스파이더맨: 파 프롬 홈,스파이더맨: 파 프롬 홈 영화,진실과 거짓의 혼란 속 산만하고 어설픈 성장 드라마: 스파이더맨 파 프롬 홈 리뷰,143579,1857,919,2019-07-06T02:00:01Z
LHLF2tVT8ow,스파이더맨: 파 프롬 홈,스파이더맨: 파 프롬 홈 명장면,스파이더맨 파프롬홈에 관한 6가지 흥미로운 사실 및 논란정리 : 약스포,78632,687,256,2019-07-07T01:30:00Z
47IEZ3xXHyw,스파이더맨: 파 프롬 홈,스파이더맨: 파 프롬 홈 명장면,스파이더맨 파 프롬 홈  미안해! 솔직한 후기와 결말 분석,32672,331,155,2019-07-02T03:56:55Z
yrrKAQMbN8w,스파이더맨: 파 프롬 홈,스파이더맨: 파 프롬 홈 명장면,레고 스파이더맨 파 프롬 홈 스톱모션 (미스테리오VS스파이더맨) Lego spider man far from home stop motion,14487,173,105,2019-07-16T09:02:02Z
EbPmrD9EnYA,스파이더맨: 파 프롬 홈,스파이더맨: 파 프롬 홈 명장면,"SHF 아이언 스파이더맨 피규어, 어벤져스 인피니티워 명장면",14130,182,125,2019-07-07T14:48:03Z
KTEEFykuEIM,스파이더맨: 파 프롬 홈,스파이더맨: 파 프롬 홈 명장면,[스파이더맨 파 프롬 홈] 마스크 실제로 만들기! (나이트몽키 버전) / Spider-man far from home Night monkey mask (stealth suit),13155,132,26,2019-07-28T07:26:57Z
4pqUL3KHgpo,스파이더맨: 파 프롬 홈,스파이더맨: 파 프롬 홈 명장면,핫토이 스파이더맨 파프롬홈 피규어를 구매하자,12840,115,69,2019-07-09T14:51:59Z
BsbhlB9BV9w,스파이더맨: 파 프롬 홈,스파이더맨: 파 프롬 홈 명장면,마블 레고로 표현한 스파이더맨 파프롬홈 명장면_Marvel spiderman far from home famous scene in LEGO - 포토샵 달인,7945,76,35,2019-07-13T15:56:44Z
WF_5Cy84-Rc,스파이더맨: 파 프롬 홈,스파이더맨: 파 프롬 홈 명장면,새로 만든 슈트가 왜 이래? | 스파이더맨:파 프롬 홈,4680,76,32,2019-07-03T03:30:00Z
qcsz_Nb61qM,스파이더맨: 파 프롬 홈,스파이더맨: 파 프롬 홈 명장면,"레고 스파이더맨 파프롬홈 4종(홈커밍슈트, 나이트몽키, 검빨슈트, 미스테리오)",4392,66,22,2019-07-21T08:37:21Z
BRsr8n4HFMw,스파이더맨: 파 프롬 홈,스파이더맨: 파 프롬 홈 명장면,레고 스파이더맨 파프롬홈 커스텀 미니피규어,3970,57,87,2019-07-02T08:41:11Z
JCZL7HqGrJ4,스파이더맨: 파 프롬 홈,스파이더맨: 파 프롬 홈 명장면,스파이더맨 파 프롬 홈 스포일러 쿠키 리뷰!,3328,8,0,2019-07-04T15:59:39Z
WMWvIVymPIE,스파이더맨: 파 프롬 홈,스파이더맨: 파 프롬 홈 명장면,No 스포 &#39;스파이더맨 파프롬홈&#39; 초초초간단 리뷰(피터 찌리릿~),3039,4,11,2019-07-03T04:15:21Z
ih_sqgtFVeg,스파이더맨: 파 프롬 홈,스파이더맨: 파 프롬 홈 명장면,스파이더맨 파프롬홈,2690,53,21,2019-07-12T07:00:04Z
syaKkNn2aRI,스파이더맨: 파 프롬 홈,스파이더맨: 파 프롬 홈 리뷰,"아이언맨의 나노 기술이 적용된 무적의 수트, 아이언 스파이더!",298508,2358,284,2019-07-04T11:04:20Z
CPKVlsEv9Es,스파이더맨: 파 프롬 홈,스파이더맨: 파 프롬 홈 리뷰,[스파이더맨: 파 프롬 홈] 그야말로 &#39;익사이팅&#39;한 30초 리뷰 영상,251070,128,41,2019-07-04T05:56:10Z
j2nkzhQUOqY,스파이더맨: 파 프롬 홈,스파이더맨: 파 프롬 홈 리뷰,스파이더맨: 파 프롬 홈 가이드 리뷰 by 발없는새,125716,2088,563,2019-07-07T10:00:05Z
s3ZK9G2jaEw,스파이더맨: 파 프롬 홈,스파이더맨: 파 프롬 홈 리뷰,스파이더맨은 아이언맨이 될까? 파프롬홈 떡밥 총정리,86780,1234,202,2019-07-09T10:06:32Z
sPPBVsPB238,스파이더맨: 파 프롬 홈,스파이더맨: 파 프롬 홈 리뷰,[스포없는리뷰] 스파이더맨: 파 프롬 홈 - 의외로 호불호가 크게 갈릴 것 같은 느낌이...,66186,2411,513,2019-07-03T03:15:47Z
-a8mlz45xGs,스파이더맨: 파 프롬 홈,스파이더맨: 파 프롬 홈 리뷰,마블을 좋아할 수 밖에 없는 이유 - 스파이더맨 파 프롬 홈,49327,913,178,2019-07-06T00:00:02Z
p9gsi0fZRyo,스파이더맨: 파 프롬 홈,스파이더맨: 파 프롬 홈 리뷰,스파이더맨: 파 프롬 홈 유니폼 리뷰 - 마블 퓨처 파이트 Marvel Future Fight,42587,449,220,2019-07-04T13:58:44Z
rnbUerXhcSk,스파이더맨: 파 프롬 홈,스파이더맨: 파 프롬 홈 리뷰,비스트 가이드 리뷰 by 발없는새,38195,957,249,2019-07-02T10:00:08Z
LlPpkiXXpv8,스파이더맨: 파 프롬 홈,스파이더맨: 파 프롬 홈 리뷰,스파이더맨: 파 프롬 홈 업데이트 리뷰 2019.07.02 - 마블 퓨처 파이트 Marvel Future Fight,34254,396,214,2019-07-02T12:40:12Z
uIPIkiXAcQ8,스파이더맨: 파 프롬 홈,스파이더맨: 파 프롬 홈 리뷰,[핫토이] 2부. 스파이더맨 파프롬홈 보고와서 예약취소 안한이유 (덤.무스포 후기) SPIDER MAN FAR FROM HOME,22503,381,146,2019-07-02T09:14:22Z
A8LHNg85ooU,스파이더맨: 파 프롬 홈,스파이더맨: 파 프롬 홈 해석,[스파이더맨: 홈커밍] 당신이 모르는 숨겨진 비밀,442652,3580,228,2019-07-02T11:06:53Z
bTj6LAHUVAA,스파이더맨: 파 프롬 홈,스파이더맨: 파 프롬 홈 해석,파프롬홈 쿠키영상의 의미 궁금하셨죠? 엔딩크레딧 완벽정리!,39146,461,79,2019-07-02T19:12:43Z
ihoVe1PXqcQ,스파이더맨: 파 프롬 홈,스파이더맨: 파 프롬 홈 해석,"🕷휴가, 제가 원한 전부였어요 : The Go Go&#39;s - Vacation (스파이더맨: 파 프롬 홈 OST) [팝송추천/가사번역/해석]",13181,175,6,2019-07-15T08:36:47Z
YcAwXkh6nlg,스파이더맨: 파 프롬 홈,스파이더맨: 파 프롬 홈 해석,🍺스파이더맨 2 : 파 프롬 홈 | 영화 리뷰,12344,373,226,2019-07-02T08:35:49Z
uSMia7qmvLw,스파이더맨: 파 프롬 홈,스파이더맨: 파 프롬 홈 해석,스파이더맨: 파 프롬 홈 쿠키영상2개 &amp; 리뷰 해석 스포일러 (Spider-Man: Far From Home),2323,19,2,2019-07-03T05:40:02Z
2l2fCupKLiA,스파이더맨: 파 프롬 홈,스파이더맨: 파 프롬 홈 해석,스파이더맨 파프롬홈 리뷰 l 쿠키영상 해석,323,56,13,2019-07-07T06:32:54Z
9s7PUJQsoQY,스파이더맨: 파 프롬 홈,스파이더맨: 파 프롬 홈 해석,스파이더맨 파프롬홈 ost의 숨겨진 의미 해석,233,1,0,2019-07-03T14:38:31Z
IM0KqliW3P8,스파이더맨: 파 프롬 홈,스파이더맨: 파 프롬 홈 해석,파프롬홈은 청춘영화인가 액션영화인가???(feat. 쿠키 해설과 숨은 의미 분석),192,15,9,2019-07-03T14:16:10Z
T4nszIzgnx0,스파이더맨: 파 프롬 홈,스파이더맨: 파 프롬 홈 해석,스파이더맨 파프롬 홈 쿠키영상 소개 및 해석 #스파이더맨 #파프롬홈 #쿠키영상 #마블 #영화리뷰 #결말및해석,143,1,0,2019-07-02T12:47:56Z
AwK1RUbJkIk,스파이더맨: 파 프롬 홈,스파이더맨: 파 프롬 홈 해석,(상정tv) 영화 스파이더맨파프롬홈 후기 쿠키 영상해석 (스포 약간 있음),130,11,11,2019-07-07T03:54:26Z
-BBS_ZfvwYA,스파이더맨: 파 프롬 홈,스파이더맨: 파 프롬 홈 의미,설마 이럴 줄이야! 스파이더맨 파 프롬 홈 분노의 총정리!,87990,1122,235,2019-07-04T07:15:01Z
8NgAbKNIy_8,스파이더맨: 파 프롬 홈,스파이더맨: 파 프롬 홈 의미,"&#39;엑스맨&#39;의 MCU 합류 큰 그림, &#39;스파이더맨: 파 프롬 홈&#39; 속에 있다?! [영화 정보 알려줌] 마블 시네마틱 유니버스 페이즈4 예상",27878,143,32,2019-07-12T12:09:00Z
6Okjho_WKVI,스파이더맨: 파 프롬 홈,스파이더맨: 파 프롬 홈 의미,스파이더맨 파 프롬 홈 떡밥들 찾아보기(스포),25169,281,70,2019-07-02T01:55:42Z
HhfaZusbboc,스파이더맨: 파 프롬 홈,스파이더맨: 파 프롬 홈 의미,[스파이더맨: 파 프롬 홈] 피터의 마음을 이해하고 조언해주는 미스테리오,13566,294,61,2019-07-03T09:00:12Z
vQa8P8mGx94,스파이더맨: 파 프롬 홈,스파이더맨: 파 프롬 홈 의미,스파이더맨 파프롬홈 &#39;이디스&#39;가 설정오류인 이유 │ 이디스는 왜나온걸까?,12363,0,63,2019-07-08T12:33:15Z
ybMtWgPM95I,스파이더맨: 파 프롬 홈,스파이더맨: 파 프롬 홈 의미,스파이더맨 파 프롬 홈 Spider-Man Far From Home | 넥스트 아이언맨의 무게를 특유의 경쾌함으로 이겨내다 | 무비썸 #121 톰 홀랜드 주연,8613,175,10,2019-07-10T12:23:08Z
7SQThJX5YTc,스파이더맨: 파 프롬 홈,스파이더맨: 파 프롬 홈 의미,스파이더맨 파프롬 홈 비하인드 생생 인터뷰와 촬영장면,8363,98,6,2019-07-15T02:21:56Z
dZAUcN_HOW8,스파이더맨: 파 프롬 홈,스파이더맨: 파 프롬 홈 의미,스파이더맨 파 프롬홈(2019) OST : I Wanna Be Your Boyfriend / Spider-Man Far From Home OST,8234,87,3,2019-07-03T10:47:21Z
Io0F4Qi1Rvg,캡틴 마블,캡틴 마블 영화,어벤져스4를 예고한 캡틴마블 떡밥과 비하인드 총정리,1616483,12177,2539,2019-03-06T03:00:00Z
UIzDiV7Z5CA,캡틴 마블,캡틴 마블 영화,캡틴마블VS스크럴종족 숨막히는 추격전!!!! (박민규의 돈과 가방을 들고 튀어라!!!!!!ㅋㅋㅋㅋㅋ),1130962,12659,1876,2019-03-24T08:29:00Z
D7kOeRn3Dzo,캡틴 마블,캡틴 마블 영화,마블 &amp; DC 최고의 전투력을 지닌 최강 히어로 순위 Top 10 - 캡틴마블부터 슈퍼맨까지 !!,825359,3562,2022,2019-03-11T12:42:48Z
FWxfV5L_Uvc,캡틴 마블,캡틴 마블 영화,엔드게임 예고편을 보고 확신하게 되었습니다 (캡틴 마블 쿠키 영상의 의미),806437,6572,1886,2019-03-18T10:13:14Z
BLALlVsC1xI,캡틴 마블,캡틴 마블 영화,타노스조차 못막는다는 캡틴 마블의 파워,756580,1947,1540,2019-03-21T07:49:28Z
uqMb7uyCk18,캡틴 마블,캡틴 마블 영화,캡틴마블이 어벤져스4 에서 타노스를 물리칠 수 밖에 없는 이유 3가지 _ 캡틴마블 능력 떡밥,682979,2342,1470,2019-03-06T12:00:00Z
jRVp4i5AMM0,캡틴 마블,캡틴 마블 영화,자전차왕 엄복동보다 재미없다는(비꼼) &#39;그 영화&#39; 캡틴 마블 리뷰,628493,7291,2446,2019-03-16T02:38:03Z
AGnzd4Gnj54,캡틴 마블,캡틴 마블 영화,캡틴마블과 어벤져스4 엔드게임은 이렇게 이어진다! + 캡틴마블 쿠키영상 떡밥 총정리,618785,4288,1389,2019-03-06T04:28:47Z
-PrE4XC-oSs,캡틴 마블,캡틴 마블 영화,캡틴마블의 출연료에 대해｜아쉬운점이 많은 영화,606272,0,2635,2019-03-09T14:29:46Z
aJyRkpS3J-c,캡틴 마블,캡틴 마블 영화,&quot;캡틴마블&quot; 쿠키영상에 &quot;그 것&quot;이 등장한 이유,457917,2992,467,2019-03-11T15:47:08Z
sRfMm-MsPkU,캡틴 마블,캡틴 마블 영화,캡틴마블을 보고 풀렸던 11년의 퍼즐들,390739,1967,273,2019-03-08T12:02:44Z
YBpsZfWuMxI,캡틴 마블,캡틴 마블 영화,아무것도 증명하지 못한 영화: 캡틴마블(ScreenX) 리뷰,387326,5068,2706,2019-03-11T03:02:59Z
bAyOPojc_lM,캡틴 마블,캡틴 마블 영화,캡틴 마블 가이드 리뷰 by 발없는새,276036,4499,1847,2019-03-07T11:00:03Z
VMSzl68TfU8,캡틴 마블,캡틴 마블 영화,"캡틴 마블, 불매운동에도 흥할까? [캡틴마블 리뷰]",273166,2678,2658,2019-03-07T10:08:16Z
2g688HgsP8U,캡틴 마블,캡틴 마블 영화,영화 캡틴마블과 어벤져스4 떡밥 분석 (스포주의),199750,1377,734,2019-03-06T03:00:00Z
FthRIivMoEQ,캡틴 마블,캡틴 마블 영화,"캡틴마블 간단리뷰, 타노스 새우 맞네 ㄷㄷ (노스포)",176819,2727,836,2019-03-06T13:15:50Z
86Tonond-hI,캡틴 마블,캡틴 마블 영화,브리 라슨에게 돌을 던지기 전에 꼭 한번 보세요 by 발없는새,167207,4118,1442,2019-03-15T11:00:01Z
MRdl3uqRhk4,캡틴 마블,캡틴 마블 영화,캡틴 마블의 설정 오류 세 가지,166665,2297,681,2019-03-09T11:00:04Z
-hGJH5_lJs8,캡틴 마블,캡틴 마블 영화,캡틴마블 쿠키영상1,151955,332,66,2019-03-31T08:02:37Z
zNNIz2nI1Wk,캡틴 마블,캡틴 마블 영화,캡틴마블의 진짜 주인공 구스의 정체,149361,839,248,2019-03-09T11:10:55Z
fZChur8ytC8,캡틴 마블,캡틴 마블 리뷰,닉 퓨리를 ‘그런 방법’으로 애꾸눈을 만든 진짜 이유? (캡틴 마블의 주제의식),148741,2126,467,2019-03-22T08:27:49Z
ebGxQHxex2g,캡틴 마블,캡틴 마블 리뷰,캡틴마블 타노스 턱주가리 가져 와! 떡밥정리,123494,561,207,2019-03-07T08:49:28Z
--f5fGwvJHk,캡틴 마블,캡틴 마블 리뷰,캡틴마블 솔직한 후기 어벤져스4 엔드게임으로 가는길 장단점 총정리,116279,613,192,2019-03-07T13:29:49Z
MhPMsPykXek,캡틴 마블,캡틴 마블 리뷰,보자마자 올리는 후기! 다 까는 후기: 캡틴마블(스포X) - 저는 많이 실망했어요.,114882,1546,777,2019-03-07T03:00:01Z
hB58p78yVGo,캡틴 마블,캡틴 마블 리뷰,기대치를 채워주지 못한 캡틴마블의 실망스런 리뷰 (스포주의),74729,654,696,2019-03-07T15:10:34Z
5E6LDo-sSvI,캡틴 마블,캡틴 마블 리뷰,[HotToys] 캡틴마블 개봉기념..원더우먼이닷!!,66308,1061,372,2019-03-13T09:00:00Z
K9FQr3rK-oc,캡틴 마블,캡틴 마블 리뷰,캡틴마블 쿠키영상 사카아르로 간 욘 로그 전혀 달랐던 원래의 쿠키 영상,61983,389,60,2019-03-14T09:00:03Z
MDCy8lZRlB8,캡틴 마블,캡틴 마블 리뷰,"캡틴마블, 필사의 도전, 광속엔진의 숨겨진 의미",58008,898,246,2019-03-08T09:17:28Z
JS6ey_E58Tc,캡틴 마블,캡틴 마블 리뷰,캡틴 마블 티어 3 리뷰 - 마블 퓨처 파이트 Marvel Future Fight Captain Marvel Tier-3 Review,57617,425,102,2019-03-12T09:51:29Z
nxMoYU-71AY,캡틴 마블,캡틴 마블 해석,캡틴 마블 _ 🍺영화 리뷰,31908,508,170,2019-03-06T08:42:59Z
H68W22ZjK3U,캡틴 마블,캡틴 마블 해석,[한글번역]  지구 뿌시게 귀여운 캡틴 마블 고양이 &#39;구스&#39; 인터뷰 ◐ㅅ◐ (+골골송♪),9701,154,4,2019-03-08T02:03:31Z
IZ1kyrZWy3k,캡틴 마블,캡틴 마블 해석,[한글번역]캡틴마블&amp;닉퓨리 현실에서도 ★케미 폭발★ 진실게임,3056,23,0,2019-03-14T11:04:57Z
DnSPjhUI-J0,캡틴 마블,캡틴 마블 해석,"[캡틴마블 VS 블랙위도우, 원더우먼] 최강 여성 히어로는?!",1758,26,5,2019-04-01T08:45:27Z
BX4w_AgRszk,캡틴 마블,캡틴 마블 의미,캡틴마블 쿠키영상에서 우리가 놓친 이야기,76858,258,187,2019-03-06T22:52:17Z
SsvvPovMGco,캡틴 마블,캡틴 마블 의미,[뉴스줌인] ‘캡틴 마블’에 ‘평점 테러’…“페미 영화 싫다” / KBS뉴스(News),14924,60,173,2019-03-08T12:46:18Z
p755AEpkr68,캡틴 마블,캡틴 마블 의미,페미니즘? 글쎄... 캡틴 마블 리뷰 [영화 공장],1742,40,4,2019-03-22T23:59:50Z
xYqUpl6kg6Q,조커,조커 영화,한국인들이 이해할 수 없었던 조커의 개그,2325359,26942,2212,2019-10-12T03:35:17Z
O_Sf5eKqSro,조커,조커 영화,(강스포)쓰레기 같은 건 당신들의 역겨운 이중잣대 아닐까요? 조커 해석/번역/논란 총정리 리뷰,1447075,21980,4978,2019-10-06T12:00:14Z
e1DaHrqaqZ4,조커,조커 영화,조커 춤이 애드립이라고? 호아킨 피닉스의 클라스 오짐 ㄷㄷ;;,1012716,7594,1163,2019-10-16T09:29:39Z
t67mu8EwlDY,조커,조커 영화,"조커 완전 분석 리뷰(모든 논란 정리, 감독의 의도 해석)",925675,9899,1002,2019-10-09T20:19:52Z
UZ4CSK_n5Co,조커,조커 영화,조커가 재차 증명한 DC와 마블의 차이,828337,6247,1779,2019-10-22T09:00:05Z
vCQmA22tw-w,조커,조커 영화,조커의 계단춤이 지릴 수밖에 없는 이유! 당신이 모르는 조커 해석,788389,5304,1013,2019-10-08T11:11:08Z
NNIfjYXmywE,조커,조커 영화,영화 조커 1분 요약,767249,12433,1310,2019-10-10T09:00:03Z
TIm-QOkb4XY,조커,조커 영화,세상을 향한 이 광대의 비웃음이 처절하게 느껴지는 이유...: 조커 리뷰,699095,8395,2675,2019-10-02T15:00:06Z
m-3-_yQ1ohQ,조커,조커 영화,"영화 &#39;조커’가 탄생하게 된 70년대 뉴욕의 역사 배경 완벽 해석! (ft. 고담의 뜻, 계단의 의미) | 조커 리뷰ㅣ조승연 작가",685067,27251,1098,2019-10-07T10:15:12Z
7MO8LnCPLeA,조커,조커 영화,역대급 조커로 불린 &#39;잭 니콜슨&#39; 조커의 탄생,587295,3048,520,2019-10-02T15:05:01Z
PmTy58TYW7w,조커,조커 영화,&#39;조커&#39; 영화 제작을 막으려했던 &#39;수어사이드 스쿼드&#39; 조커 자레드 레토,574600,2901,1107,2019-10-30T08:36:25Z
q6MGNQYMe0I,조커,조커 영화,조커는 왜 비판과 논란을 불렀을까?,511072,6270,2152,2019-10-06T09:00:11Z
W84qO3HwmCQ,조커,조커 영화,미친영화 조커 분석(영화 관람포인트&amp;미리 고지후 스포 분석),465248,9206,1751,2019-10-04T15:37:12Z
qeROkAQh47Q,조커,조커 영화,조커 게임 - 조커는 뭐가 커? 영화에선 알 수 없었던 그것,462902,5570,591,2019-10-19T04:13:24Z
qf1dzVKm1VE,조커,조커 영화,《조커》 삭제 장면 총정리_그리고 그 속 디테일,453855,4271,630,2019-10-09T01:00:05Z
E6c5-aYQCh4,조커,조커 영화,조커의 웃음소리 비교,329093,3091,836,2019-10-05T03:31:18Z
Jy8odwpStyQ,조커,조커 영화,조커의 아쉬운 한국어 번역 바로잡기. 조커 오역 정리.,323843,7675,934,2019-10-19T13:43:01Z
VPOIFjof0TI,조커,조커 영화,영화 &quot;조커&quot; 해석과 장면 분석,304323,3353,1038,2019-10-05T14:41:23Z
X3o3Boo6a3c,조커,조커 영화,[조커] 속 소름돋는 호아킨의 &quot;애드립&quot; 총정리!,300848,2885,398,2019-10-11T05:47:40Z
YPipIJX0Za4,조커,조커 영화,영화 &#39;조커&#39;에서 마지막에 조커가 부르는 노래ㅣ&#39;That&#39;s Life&#39;,229036,4428,485,2019-10-31T12:20:57Z
qi5zgui1zO8,조커,조커 명장면,즉석에서 탄생했다는 영화 조커 명장면들,199109,1680,254,2019-10-20T01:00:06Z
2mazQPiFjEc,조커,조커 명장면,"영화 &#39;조커&#39; 보려면 소지품 검사 받는 사람들,  미국판 히키코모리 &#39;인셀&#39; 때문에 미국 전역에 비상이 걸렸다? / 스브스뉴스",191386,3385,1563,2019-10-07T10:30:01Z
xmnMk6MH7RM,조커,조커 명장면,[DMCA/도네금지] 다코나이트 - 코커 명장면,141675,3136,459,2019-10-25T12:44:42Z
bLkRZzC-Pbw,조커,조커 명장면,"Dancing JOKER with Different Music I 영화 조커 계단 춤, 다양한 음악 버전으로 해석",73806,249,120,2019-10-08T06:05:08Z
qUbAcQCcmWw,조커,조커 명장면,영화 조커를 본 뒤 일어난 모방범죄 TOP10,26851,180,68,2019-10-13T23:08:09Z
3Q02x_GmndI,조커,조커 명장면,조커의 사회실험 • Joker&#39;s Social Experiment │ 자막 + 고화질 HD,21627,235,114,2019-10-21T05:37:14Z
kem2sLs28rE,조커,조커 명장면,영화 조커 계단댄스씬 패러디!#조커명장면#조커계단댄스씬#배려하며살아요,18225,71,60,2019-10-07T10:18:30Z
vvotOWaIklU,조커,조커 명장면,배트맨 다크나이트 명장면 조커 명대사_(Heath Andrew Ledger),16695,128,8,2019-10-17T10:27:57Z
O2_uDvvEB-E,조커,조커 명장면,영화 조커🔥 명장면 속 사운드트랙 논란 정리 &amp; 해외반응 [팝송읽어주는여자],15902,342,126,2019-10-16T12:00:04Z
8yNF1F_pZ1Y,조커,조커 명장면,"Dancing JOKER with Different Music Part2 I 영화 조커 계단 춤, 다양한 음악 버전, 요청 반영",4758,26,21,2019-10-16T14:17:39Z
GCnlk8tL2WI,조커,조커 명장면,역대 3대 조커 명장면 + 뉴페이스 조커 (자체편집),1888,12,9,2019-10-02T12:08:45Z
T0mfizFMzY4,조커,조커 명장면,조커 명장면 패러디,1880,31,0,2019-10-06T22:48:57Z
WZhJ_fl3hvg,조커,조커 명장면,조커 계단/실제 조커계단/조커 계단 춤 영화 조커 계단 브롱스에 가다/,1579,27,14,2019-10-11T06:59:33Z
2tdnvcnJ-rc,조커,조커 명장면,"조커 명장면 스포 리뷰, 배우 호아킨의 또다른 추천 명작은?",793,5,2,2019-10-04T13:03:19Z
B3Gd7cPpfV4,조커,조커 명장면,"&#39;조커&#39;의 명장면, 계단씬에 충격적인 내용이 있다??",626,6,2,2019-10-10T19:16:32Z
abREvvk8LcU,조커,조커 명장면,[히스레저 조커] 영화 &#39;JOKER&#39; 예고편 : That&#39;s Life,532,9,1,2019-10-10T12:04:49Z
XXDBtOKPyPE,조커,조커 명장면,조커 5분 리뷰 ( 호아퀸 피닉스 조커 )( 조커 리뷰 )( 조커 명장면 )( 조커 춤 )( 조커 명장면 )  ( 호아퀸 피닉스 연기 )( 조커 해석 ),492,5,3,2019-10-03T11:21:18Z
WbirbrVqWpU,조커,조커 명장면,내가 꼽는 조커 명장면 (스포 있음),356,3,2,2019-10-27T01:02:05Z
L7AWMd6L6mo,조커,조커 명장면,DC 가장 매력적인 캐릭터 ~ 역대 조커 명장면 영상 모음 ~ 전 조커 역 히스레저 추모 영상,329,5,0,2019-10-05T03:06:34Z
0aFjs5LT4co,조커,조커 리뷰,"1회차 관람으론 절대 알 수 없는 조커에 숨겨진 의미 분석 (스포리뷰, 히스레저와의 연결고리)",624328,6196,3337,2019-10-02T10:29:12Z
JpfRrc8N1mk,조커,조커 리뷰,핫토이 &#39;다크나이트&#39; 조커 1/4 스케일 Hot Toys 1/4 Scale Joker the Dark Knight - 겜브링(GGAMBRING),558379,6111,699,2019-10-11T07:00:02Z
NOFkvJqBH5g,조커,조커 리뷰,조커와 배트맨이 같은팀되면 벌어지는 일 TOP 4,476204,4060,375,2019-10-12T09:00:04Z
1f5VlY9wiuc,조커,조커 리뷰,조커의 웃음이 소름끼치도록 불편한 이유,440902,4851,851,2019-10-11T11:04:47Z
l9f-0kfVzT4,조커,조커 리뷰,조커의 망상은 사실 망상이 아니었다!? ㄷㄷ;;,434953,4728,1175,2019-10-09T11:12:57Z
RkEPO4k-v1I,조커,조커 리뷰,T.W의 진짜 의미? 조커 스포일러 영상 2탄,292289,2149,1187,2019-10-03T11:49:48Z
TvFwMQV46H4,조커,조커 리뷰,【브롤스타즈】 스토리리뷰 87화 &quot;조커&quot; 【시엘 브롤】,164877,1774,344,2019-10-10T06:30:02Z
2acir2mta-Y,조커,조커 리뷰,≪조커≫가 명작이 된 이유,154460,4633,773,2019-10-04T09:01:22Z
esh2elj_YvA,조커,조커 리뷰,"조커 스포일러 리뷰 | 호아킨 피닉스 역대급 연기와 중요 장면, 결말, 다양한 논란을 심층분석하다 | 무비썸 #125 JOKER",90358,1223,328,2019-10-03T11:04:13Z
3ZqUJxFOVyY,조커,조커 리뷰,조커가 히어로가 된 이유는? 마블&amp;DC 빌런대전,75513,971,115,2019-10-18T11:15:00Z
APB4qRkOP5w,조커,조커 리뷰,사실은 XX 못하는 병에 걸린 것이다(심층 리뷰) - 조커,49369,948,261,2019-10-10T00:00:01Z
BsDUFTiPtSg,조커,조커 리뷰,"세기의 미남이자 조커 호아킨 피닉스의 형, 리버 피닉스가 남긴 명작 영화 feat. 리버 피닉스 [ 아이다호 ] [ 왓챠 영화 추천 ]",49136,478,65,2019-10-19T00:00:02Z
hzEwALhrG0g,조커,조커 해석,당신이 놓친 조커 속 담겨있던 15가지 디테일,693487,5417,854,2019-10-12T01:00:03Z
i3C1UFY6Fhs,조커,조커 해석,"(스포 주의) 조커 엔딩의 해석? 사진, 약, 토크쇼에서의 행동 등: 조커 추가 영상",157585,2140,481,2019-10-04T02:00:03Z
UaSQpFL0pZc,조커,조커 해석,감독이 직접 말해주는 조커 엔딩의 비밀,151797,1445,247,2019-10-14T07:00:47Z
u-jAXYMtKtA,조커,조커 해석,"&quot;조커&quot; 결말, 망상이 아닌 이유",121669,1205,317,2019-10-10T06:52:52Z
juUwP0B_4cY,조커,조커 해석,조커의 모티브가 된 전설의 명작,88814,1744,171,2019-10-18T09:04:45Z
7-m-7F0OO40,조커,조커 해석,조커 계단 춤 Joker stairs Dancing + Rock &#39;n&#39; Roll mix 小丑星舞,85257,381,24,2019-10-06T02:52:46Z
ABG6OmU0XCA,조커,조커 해석,조커 뮤직비디오 (feat. 리쌍 &#39;광대&#39;),59537,979,115,2019-10-08T12:00:12Z
FslrcIxvuvA,조커,조커 해석,Cream - White Room | Joker OST [한글 가사 해석],55004,499,34,2019-10-27T15:17:54Z
-grz1c8Yexw,조커,조커 의미,[조커]에 숨겨진 의미 5가지 총정리,817583,6159,2091,2019-10-03T07:49:58Z
_X5aEELsPV8,조커,조커 의미,"조커의 새로운 의혹들 (하얀 방의 웃음, 7종류의 약의 의미)",220668,2721,258,2019-10-17T12:05:38Z
HTI8IMPcloE,조커,조커 의미,[ 조커 ] 호아킨피닉스 VS 히스레저 - 가장 광기넘치는 범죄와 그 속에 숨겨진 의미 Top 4,189025,1897,566,2019-10-07T08:59:54Z
LhAmxzPiP-g,조커,조커 의미,(스포) 조커의 웃음과 코미디에 대한 의미 분석,106816,1841,239,2019-10-08T08:53:48Z
Nzt49olub6c,조커,조커 의미,당신이 놓친 조커 엔딩의 중요포인트 총정리,61047,726,231,2019-10-05T10:04:46Z
fronyofUk40,조커,조커 의미,최고의 마스터피스 조커 해석 총정리 기이한 결말의 의미와 영화 속에 숨겨진 진짜 메시지,52791,766,228,2019-10-03T12:30:03Z
r6vfjpRLJoI,조커,조커 의미,T.W는 절대 거짓이어서는 안된다! 영화 조커 속 소름돋는 상징과 의미 9가지 총정리,46168,536,134,2019-10-05T11:31:58Z
2JOK2RtFu6Q,조커,조커 의미,조커볼때 너무 신경쓰이던 &quot;가취&quot;의 진짜의미(스포주의),11107,80,22,2019-10-12T16:42:57Z
FnH7_Z238XU,조커,조커 의미,꼭봐야되는 조커 리뷰 - 서울대 철학과의 조커 의미 해석(강스포),9371,144,51,2019-10-08T19:00:03Z
3ei3T9LLHlo,조커,조커 의미,조커에 숨겨진 의미 분석  | 영화 조커 스포일러 리뷰 및 해석,2796,66,12,2019-10-07T10:17:32Z
aJSHJvDSMPo,조커,조커 의미,"조커 해석, 변모의 플롯, 발견의 플롯!  결말 해석, 살인 후 뛰는 세 장면 진짜 의미, 캐릭터 분석, 베트맨과 형제 떡밥, 감독 의도 분석!",2737,195,25,2019-10-16T22:22:09Z
-_V4WxObh48,봉오동 전투,봉오동 전투 영화,"애국심 장사, 그 얄팍한 계산으로 만들어낸 지루하고 허술한 졸작: 봉오동 전투 리뷰",410870,7715,4526,2019-08-10T11:30:00Z
-nZgYRcj5XA,봉오동 전투,봉오동 전투 영화,[영화TALK] NO 봉오동 전투! 절대로 보지 마세요!,319202,12077,6637,2019-08-08T02:44:15Z
1SNnrMrnkkA,봉오동 전투,봉오동 전투 영화,홍보는 OK! 비판은 NO? 쇼박스의 봉오동 전투 비판 리뷰 검열 사태,312105,12169,2048,2019-08-18T05:00:12Z
3cLCIAqEcFY,봉오동 전투,봉오동 전투 영화,봉오동 전투를 봤더니 엑시트를 칭찬하고 싶어졌다.,103029,2321,1055,2019-08-11T10:15:15Z
WvKLsUrXZqs,봉오동 전투,봉오동 전투 영화,"엑시트 대박, 일본 애니메이션은 쪽박! 봉오동 전투와 김복동 개봉 등: 8월 첫째 주 영화계 소식",44553,757,237,2019-08-07T11:30:00Z
MGRdWdtPqDI,봉오동 전투,봉오동 전투 영화,이시국 씨가 이 영화를 좋아하니까요 - 봉오동 전투,42831,1022,295,2019-08-12T00:00:01Z
IVt03z7YjL0,봉오동 전투,봉오동 전투 영화,"무영보bros 극장가다(56) 봉오동전투 - 글로 배운 역사, 비로소 사무치다",39819,134,17,2019-08-28T10:19:50Z
EGWa609zx6k,봉오동 전투,봉오동 전투 영화,The Battle: Roar to Victory (2019) 봉오동 전투 Movie Review | EONTALK,22180,241,33,2019-08-21T05:28:18Z
bu-v6-5XDLk,봉오동 전투,봉오동 전투 영화,봉오동전투 출연한 일본 배우들 요즘 괜찮을까? 근황은? : 영화 &#39;봉오동 전투&#39; 메가토크 GV 중 : 메가박스 코엑스,21300,251,18,2019-08-16T17:28:25Z
jdqFB52TXLo,봉오동 전투,봉오동 전투 영화,[뉴스바바 광복절특집] 봉오동전투가 영화보다 더 영화같은 이유,20425,269,78,2019-08-15T06:06:56Z
PcYld3riSDI,봉오동 전투,봉오동 전투 영화,레고전쟁 스톱모션-봉오동전투,16698,160,58,2019-08-14T05:39:06Z
5PItXME0Fs8,봉오동 전투,봉오동 전투 영화,봉오동 전투 _ 🍺영화 리뷰,13139,246,163,2019-08-08T00:00:02Z
X39Qg54YJ1Y,봉오동 전투,봉오동 전투 영화,"&#39;봉오동 전투&#39; 다이고 코타로, 그 일본군 소년병 [★신스틸러]",12499,40,7,2019-08-18T23:03:18Z
WiiUQs4IHHw,봉오동 전투,봉오동 전투 영화,"광복절과 항일 영화, 분노의 질주 개봉 등: 8월 둘째 주 영화계 소식",12307,262,37,2019-08-14T12:00:05Z
m4HJZ_NXato,봉오동 전투,봉오동 전투 영화,아라요시만 한국인 박지환이 연기한 이유 : 영화 &#39;봉오동 전투&#39; 메가토크 GV 중 : 메가박스 코엑스,10570,76,9,2019-08-16T07:56:25Z
C1WiBK1A0Do,봉오동 전투,봉오동 전투 영화,&#39;봉오동전투&#39; &#39;김복동&#39;…&#39;일제강점기&#39; 영화 주목,10137,142,46,2019-08-08T02:03:54Z
h3vPv_yV4f4,봉오동 전투,봉오동 전투 영화,봉오동전투 : 오프닝,5988,59,10,2019-09-04T13:39:42Z
wA3vvS4nNqI,봉오동 전투,봉오동 전투 영화,역사를 잊지말자!    봉오동 전투 &amp; 선구자 (조용필 노래),5813,63,15,2019-08-15T09:03:09Z
xhGJjhL73rU,봉오동 전투,봉오동 전투 영화,영화 봉오동전투 배우 홍상표 인터뷰 / 연예인이 매니저 집 쳐들어간 사연 [연예림다큐],5673,80,39,2019-08-25T13:09:28Z
ug1LpHPRe4U,봉오동 전투,봉오동 전투 영화,일본군 아라요시는 왜 끝까지 생존했을까? : 영화 &#39;봉오동 전투&#39; 메가토크 GV 중 : 메가박스 코엑스,5616,41,9,2019-08-16T08:28:12Z
C-NwB_3fYws,봉오동 전투,봉오동 전투 리뷰,[봉오동 전투] 관객 리뷰 영상,131832,27,10,2019-08-09T07:16:47Z
EnUVCHKgeMA,봉오동 전투,봉오동 전투 리뷰,배우가 알려주는 유해진의 풀 스토리 / [배우 리뷰],35745,499,135,2019-08-09T10:02:07Z
3Crw9b5BF6Q,봉오동 전투,봉오동 전투 리뷰,[태상호의 건스월드]  봉오동 전투의 영웅 홍범도 장군이 사용하기도 한  &#39;마우저 C96&#39; 권총 실사격 리뷰,12979,175,43,2019-08-30T13:45:00Z
52dJZgH4Gbg,봉오동 전투,봉오동 전투 리뷰,영화 [봉오동 전투] 리뷰 / 독립군 어쎔블!,5337,42,27,2019-08-07T03:50:07Z
cgomh0Njwig,봉오동 전투,봉오동 전투 리뷰,봉오동 전투 이 영화가 고민되는 이유 :: 봉오동전투 리뷰,5002,142,70,2019-08-10T03:53:32Z
ChCisVva6cQ,봉오동 전투,봉오동 전투 리뷰,봉오동전투 블랙홀 일도가 크라잉넛 독립군가 김장훈 애국가 독립운동 안중근,4768,80,23,2019-08-17T23:51:58Z
6mZ-UmoWW5Y,봉오동 전투,봉오동 전투 리뷰,할미꽃? 애국마케팅? #봉오동전투 전격 리뷰,4059,57,11,2019-08-09T10:25:44Z
LRBLeCbrq04,봉오동 전투,봉오동 전투 리뷰,"시국이 살린, 허술하고 게으른 영화 | 봉오동 전투 리뷰",2810,70,54,2019-08-12T10:12:07Z
pC0OkLkUb8I,봉오동 전투,봉오동 전투 리뷰,#10 이무기의 영화리뷰｜이거다!! 봉오동 전투,2738,341,48,2019-08-23T10:25:10Z
ooDn5HEvC-Y,봉오동 전투,봉오동 전투 리뷰,"봉오동전투 일반인의 솔직한 후기, 볼만할까?",1961,35,15,2019-08-08T12:32:36Z
l-EyAUS3fvM,봉오동 전투,봉오동 전투 리뷰,[배우 리뷰 유해진 편] 봉오동 전투 예매권 이벤트 당첨자 발표,804,30,19,2019-08-13T15:37:19Z
-zgWZJKVCJ0,봉오동 전투,봉오동 전투 리뷰,영화평이 극단적으로 갈리는 이유 - 봉오동 전투 리뷰,765,15,3,2019-08-16T00:07:28Z
geOLRjiq-NI,봉오동 전투,봉오동 전투 리뷰,[문화골목 O.S.R] EP 09. 봉오동 전투 리뷰 ｜ 반일 시국에 무임승차한 영화일까 웰메이드 역사영화일까,582,42,25,2019-08-28T08:35:35Z
AEsG31ThRM8,봉오동 전투,봉오동 전투 의미,봉오동전투의 진짜 의미,276,2,0,2019-08-14T06:41:36Z
R72qEKwfmWw,라이온 킹,라이온 킹 영화,영화 보는 유형ㅋㅋㅋ,4590510,30416,8584,2019-08-08T23:41:31Z
FsBTfHbYp_E,라이온 킹,라이온 킹 영화,[라이온 킹 2019 OST] Circle of Life 한글/가사/해석,1118769,6309,415,2019-07-21T13:28:45Z
5MXOz-Bp__8,라이온 킹,라이온 킹 영화,아니 이걸 왜 빼냐고! 라이온킹 원작 실사 차이점 12가지 총정리,914163,6009,1396,2019-07-20T12:23:43Z
COQYzW7hqFs,라이온 킹,라이온 킹 영화,라이온 킹 2019 OST🦁 Can You Feel the Love Tonight -Beyoncé비욘세/Donald Glover도날드 글로버/가사해석/발음,472174,3260,244,2019-07-20T17:27:59Z
xMhjT9nIlG0,라이온 킹,라이온 킹 영화,라이온킹(2019)가 라이온킹(1994)를 본 사람들에겐 노잼인 이유,451132,4465,1643,2019-07-17T09:44:29Z
_Fe1KEQ1f1U,라이온 킹,라이온 킹 영화,[라이온 킹] 클래식 리뷰 스팟,415801,43,3,2019-07-24T07:07:09Z
EgqQSuwYpA0,라이온 킹,라이온 킹 영화,[명장면 다시 보기] 라이온 킹 - Hakuna Matata (한영 자막),364690,0,170,2019-07-17T17:12:04Z
QyfX4dpnnKM,라이온 킹,라이온 킹 영화,표정도 감정도 느낄 수 없어서 정말 아쉬운 라이온킹 실사판,361211,2666,1325,2019-07-18T10:21:18Z
V0RA-Wps_wY,라이온 킹,라이온 킹 영화,라이온 킹 2019 OST🦁 Hakuna Matata(하쿠나 마타타) [한국어 가사 해석/자막/번역/lyrics],358527,1595,117,2019-08-01T12:07:00Z
TAy9zPXuY3Q,라이온 킹,라이온 킹 영화,[라이온 킹] 비욘세 &#39;Spirit&#39; 리뷰 스팟,263435,39,2,2019-07-25T03:36:36Z
KQcN2IiEBpE,라이온 킹,라이온 킹 영화,"방학맞이 안과시력검사, 댄스수업, 사촌오빠랑 부루마블, 라이온킹 영화보기",247763,3894,694,2019-08-05T11:00:21Z
GOhtaPoNOZA,라이온 킹,라이온 킹 영화,🎵Lion King OST (라이온 킹 OST) - Can You Feel The Love Tonight | 4hands piano,241561,7885,207,2019-07-18T11:00:04Z
e8JuJx7mW5s,라이온 킹,라이온 킹 영화,라이온킹 영화 주제 슬라임 만들기 대결 │갑자기 노래대결?ㅋㅋㅋ │하루아루TV,239200,3286,0,2019-08-10T06:00:05Z
ac6c4WvCeUA,라이온 킹,라이온 킹 영화,[라이온킹] 애니 20분 안에 보기 - 사자들의 권력다툼과 권선징악 / 20분안짝애니 / 실사판 / 우리말 더빙 / 애니요약 / 애니리뷰,217635,1600,190,2019-07-21T14:34:31Z
-HnWJ_lxNv8,라이온 킹,라이온 킹 영화,"지나친 기술이 만든 안타까운 참사, 스카 좀... 제발 좀!: 라이온 킹(2019) 리뷰",159123,1894,576,2019-07-21T02:00:01Z
mI30R1AhKIc,라이온 킹,라이온 킹 영화,[튜나]라이온 킹 리뷰 : Back to Basics. 기본을 잊은 빛좋은 개살구,145818,2498,597,2019-07-30T11:00:07Z
6ZwwJ8kNUu8,라이온 킹,라이온 킹 영화,[광고] 25년만에 실사된 라이온 킹의 비밀 | 라이온 킹 비하인드 | 라이온 킹 | 디즈니 | 비욘세 | 존 파브로,139059,920,202,2019-07-17T13:00:01Z
QiJYfNZm1tc,라이온 킹,라이온 킹 영화,[한글자막뮤비] Beyonce - Spirit (영화 &#39;라이온 킹&#39; 2019 OST 수록곡),113045,903,67,2019-07-18T02:31:40Z
p-ozXwIbAAg,라이온 킹,라이온 킹 영화,"라이온 킹, 레전드의 마지막 자존심",111060,948,57,2019-07-25T02:06:17Z
iyis2EASJDs,라이온 킹,라이온 킹 영화,라이온 킹 가이드 리뷰 by 발없는새,105107,1756,338,2019-07-19T13:00:09Z
kAoMqboLftQ,라이온 킹,라이온 킹 명장면,동물의 왕국 라이온 킹의 진짜 악당은 스카가 아니다 체제 속에 숨겨진 무서운 진실,36457,422,58,2019-07-19T09:00:07Z
PFVcQxF4sps,라이온 킹,라이온 킹 명장면,기독교인이 본 영화 라이온킹 후기,24632,1192,226,2019-08-08T12:30:01Z
eea3OPKK200,라이온 킹,라이온 킹 명장면,라이온킹 명장면 그리기 / Drawing Lion King animation,1162,18,11,2019-07-21T13:13:49Z
MLUzlwYb_uA,라이온 킹,라이온 킹 명장면,[손빛] &#39;라이온킹&#39; 명장면 그리기/라이온킹 심바 그리기/Drawing &#39;Lion King&#39; Best Scene/Drawing Lion King Simba,363,11,6,2019-07-18T16:19:16Z
jmtn3CPYg7o,라이온 킹,라이온 킹 명장면,라이온킹OST : can you feel the love tonight - violin / 비브라토뮤직,44,4,0,2019-07-24T13:37:34Z
rOHn-LdLOHE,라이온 킹,라이온 킹 리뷰,라이온킹 원작(1994)을 보지 않은 남녀의 라이온킹 원작/실사(2019) 반응 [리뷰피디아],100646,2210,303,2019-07-20T11:00:15Z
SS1yYRhL9Vo,라이온 킹,라이온 킹 리뷰,[라이온 킹] 하쿠나 마타타 리뷰 스팟,98260,94,11,2019-07-22T06:07:10Z
ejTqgVEWsPg,라이온 킹,라이온 킹 리뷰,라이온킹 솔직후기!ㅋㅋ [한국남자는 애니메이션보고 절대 안운다고!?],48924,1153,145,2019-07-18T08:15:27Z
qQiIdwEvzXI,라이온 킹,라이온 킹 리뷰,[스포없는리뷰] 라이온 킹 - 과연 알라딘을 이길 수 있을까...?,32144,1247,189,2019-07-20T11:20:01Z
IKez6NoOhGM,라이온 킹,라이온 킹 리뷰,"원작과 같은 감동, 원작보다 못한 표현 - 라이온 킹",24225,613,113,2019-07-21T00:00:00Z
Qo5IFrZMsBI,라이온 킹,라이온 킹 리뷰,디즈니&amp;픽사 굿즈 20만원 하울❣ 토이스토리 레어템 &amp; 라이온킹 인형 [토킹리뷰],5933,113,66,2019-07-27T01:00:02Z
ckceXcLVkKo,라이온 킹,라이온 킹 리뷰,[영화 다시보기] 라이온 킹 2019 실사판 스포 없는 후기. 영화와 애니메이션 사이 _ 씬스루,5412,30,3,2019-07-21T05:28:51Z
G6c0RfRHxTU,라이온 킹,라이온 킹 리뷰,기대가 크면 실망도 커진다는 좋은 예시  / 영화 [라이온 킹] 리뷰,2948,8,1,2019-07-18T09:00:02Z
VtajOGyKC1I,라이온 킹,라이온 킹 리뷰,★라이온 킹 패러디★그런데 심바가 심바 같지 않아.. 어딘가 조금 이상해...  왕좌를 뺏으러는 스카 VS 왕좌를 지키려는 심바 과연 승자는?!,2716,34,0,2019-07-20T01:00:03Z
dQnUSj2P3NY,라이온 킹,라이온 킹 해석,"Can You Feel the Love Tonight - Beyoncé, Donald Glover (라이온 킹 2019 OST) 가사/한국어자막",103193,694,64,2019-07-18T13:23:27Z
xnprWBTSb4Q,라이온 킹,라이온 킹 해석,The Lion King OST - Circle of Life [가사해석/번역],63601,329,25,2019-07-20T00:00:08Z
Pl63fBWkZEg,라이온 킹,라이온 킹 해석,라이온킹: The Lion King OST - Can You Feel The Love Tonight [가사해석/번역],39234,301,16,2019-07-25T00:15:00Z
cl2DdXvLwDI,라이온 킹,라이온 킹 해석,2019 라이온킹 Be prepared [자막/해석],34412,0,68,2019-07-25T06:35:43Z
vJRUb_me-Ew,라이온 킹,라이온 킹 해석,[영화 읽기] 라이온 킹이 못한 그 어려운걸 해냅니다. &#39;블랙스완&#39;은 어떻게 감정을 화면에 담아내었는가?,32722,909,83,2019-07-29T17:16:45Z
op0HwSIaalg,라이온 킹,라이온 킹 해석,Lion King Medley ★ 디즈니 라이온킹 OST 메들리 ★ [가사/해석],29574,442,51,2019-07-30T15:23:30Z
ApwAXD3xWZ8,라이온 킹,라이온 킹 해석,디즈니가 &#39;라이온 킹&#39;을 지금 만든 이유 [알지 오리지널 리포트] &#39;디즈니 라이브 액션&#39; 프로젝트 분석,11630,144,39,2019-07-18T09:18:45Z
mCEMqI1cM2Q,라이온 킹,라이온 킹 해석,라이온 킹 The Lion King | 디즈니 실사화 프로젝트의 명암과 한계를 보여주다 | 무비썸 #122 디즈니 라이브 액션 전략과 배경 분석,11300,108,40,2019-07-26T10:48:18Z
EJlblm4LOs0,라이온 킹,라이온 킹 해석,The Lion King OST - Hakuna Matata [반복재생/가사해석],11430,98,0,2019-07-24T00:00:02Z
3s7uizvtL6c,라이온 킹,라이온 킹 해석,The Lion King OST - I Just Can&#39;t Wait To Be King [가사해석/번역],7556,70,11,2019-07-22T00:00:01Z
ExN96cUPq0U,라이온 킹,라이온 킹 해석,라이온킹 Can You Feel the Love Tonight - Beyonce [라이온킹 2019 OST] 가사 해석/한글,5318,0,3,2019-07-20T06:18:12Z
K7RCZRNOVow,라이온 킹,라이온 킹 해석,라이온킹 OST - Can you feel the love tonight 가사 해석,2930,77,6,2019-07-17T08:04:47Z
5aLbxOMd77c,라이온 킹,라이온 킹 해석,라이온킹 리뷰 심리분석 (하쿠나마타타) - 정신과의사 강의,1596,91,12,2019-07-20T05:22:24Z
O9-3oEi2ssY,라이온 킹,라이온 킹 해석,"&quot;알라딘 천만관객 만든 힘, 라이온 킹에도 있을까&quot;｜동시대 관객 눈높이에 맞는 원작의 재해석 성공｜디즈니가 더 공들인 라이온 킹,  개봉해보니 저평가｜시사자키 정관용입니다",1484,0,0,2019-07-19T11:53:56Z
ozdbziGMvjo,라이온 킹,라이온 킹 의미,[노래로 배우는 영어] 영화 라이온 킹 ost. The Circle of Life 가사해석과 발음연습 Let&#39;s learn how to sing The Circle of Life,1128,8,2,2019-07-30T21:00:29Z
w_0uatp_Hz8,라이온 킹,라이온 킹 의미,라이온킹에 숨겨진 진짜 의미..?!,183,4,0,2019-07-26T07:00:05Z
8qROF7VtUQE,나쁜 녀석들: 더 무비,나쁜 녀석들: 더 무비 영화,"[#뭅뭅픽] 누군가는 겪었을 이야기, 국제시장 속 명장면 명대사 모음",2054209,14503,3582,2019-09-13T01:00:02Z
6yzjoR91LKQ,나쁜 녀석들: 더 무비,나쁜 녀석들: 더 무비 영화,[나쁜녀석들] 형한테 혼나볼래? 美친개의 시작 마동석X김상중 레전드 하이라이트 모음zip | Bad guys,1048847,2879,299,2019-09-11T01:00:00Z
Nj9FuZjZi0A,나쁜 녀석들: 더 무비,나쁜 녀석들: 더 무비 영화,[나쁜 녀석들: 더 무비]  300만 관객돌파! _리뷰 30초스팟,459098,29,2,2019-09-11T02:17:35Z
Vn6c5rafSTs,나쁜 녀석들: 더 무비,나쁜 녀석들: 더 무비 영화,원작 드라마만도 못한 긴장감의 김빠진 케이퍼 무비 - 나쁜 녀석들: 더 무비 리뷰,267909,1855,693,2019-09-13T13:00:07Z
nxZdj4c_94c,나쁜 녀석들: 더 무비,나쁜 녀석들: 더 무비 영화,드라마 &#39;나쁜 녀석들&#39; 시즌1 요약정리 [줄거리 알려줌] &#39;나쁜 녀석들: 더 무비&#39; 편,107074,664,89,2019-09-11T08:14:25Z
xQ3YiZh7LfA,나쁜 녀석들: 더 무비,나쁜 녀석들: 더 무비 영화,영화 [나쁜 녀석들 - 더 무비] 리뷰,66929,216,82,2019-09-11T13:00:11Z
LnAs2W7tI3k,나쁜 녀석들: 더 무비,나쁜 녀석들: 더 무비 영화,"[속보] 추석 연휴, CGV 흥행주의보 발령!! 씨네캐스터가 추석 라인업 한 방에 싹 정리해드립니다 :) [무비TMI]",39909,191,16,2019-09-11T03:05:33Z
QIxv4BEIol8,나쁜 녀석들: 더 무비,나쁜 녀석들: 더 무비 영화,세상에서 제일 신박한 아재개그를 들어벌임.mov (기용이 오열) [저세상인터뷰],22097,447,49,2019-09-16T10:00:03Z
jF_pHmjL24A,나쁜 녀석들: 더 무비,나쁜 녀석들: 더 무비 영화,팬 싸인회 했다가 손목 부러지는줄 알았습니다...,21799,565,57,2019-10-07T08:01:44Z
ag6pfGCh5uQ,나쁜 녀석들: 더 무비,나쁜 녀석들: 더 무비 영화,그게 칭찬이 아닙니다 - 나쁜 녀석들 : 더 무비,16524,440,80,2019-09-25T00:00:01Z
LSh5xpTBIkE,나쁜 녀석들: 더 무비,나쁜 녀석들: 더 무비 영화,"장기용 Jang Ki Yong focus 하이라이트 편집 직캠 Highlight (김상중, 박효준) : 영화 &#39;나쁜녀석들 더 무비&#39; 쇼케이스 : 롯데시네마  190910",14033,360,19,2019-09-11T12:30:38Z
whE3QrRrIxk,나쁜 녀석들: 더 무비,나쁜 녀석들: 더 무비 영화,"[B tv 영화 추천/movie Big #79] 무비 빅스타 배우 ‘김상중’, ‘김아중’, ‘장기용’",10702,63,8,2019-09-16T08:30:02Z
IIUJbB9COWo,나쁜 녀석들: 더 무비,나쁜 녀석들: 더 무비 영화,"[영화리뷰,결말포함]아직도 순위권에(?) [나쁜 녀석들: 더 무비] 리뷰",7324,50,4,2019-09-29T15:49:54Z
JGKEv9vnWfw,나쁜 녀석들: 더 무비,나쁜 녀석들: 더 무비 영화,[나쁜 녀석들: 더 무비] &#39;나쁜 막내의 액션 성장기&#39; 영상,6042,98,8,2019-09-16T10:02:34Z
OW3MfS_U_Sk,나쁜 녀석들: 더 무비,나쁜 녀석들: 더 무비 영화,"[취재로그] &#39;특급 대세&#39; 장기용, 스크린도 접수할까?",5690,187,13,2019-09-11T10:21:15Z
z1wGbfXrTmU,나쁜 녀석들: 더 무비,나쁜 녀석들: 더 무비 영화,[4k30p][2019.09.15] 영화 나쁜 녀석들: 더 무비 (THE BAD GUYS: REIGN OF CHAOS) 무대인사 - 손용호감독 &amp; 김아중 &amp; 장기용,5617,105,3,2019-09-15T14:01:28Z
tsl3EkqNNBU,나쁜 녀석들: 더 무비,나쁜 녀석들: 더 무비 영화,"190915 영화 &#39;나쁜녀석들: 더무비&#39; 무대인사 - 김아중,장기용,손용호감독",5247,76,14,2019-09-15T11:38:19Z
rUXS2LuArpI,나쁜 녀석들: 더 무비,나쁜 녀석들: 더 무비 영화,나쁜 녀석들 : 더 무비 _ 🍺영화 리뷰,4711,119,29,2019-09-12T03:30:13Z
VzL9NhbdURA,나쁜 녀석들: 더 무비,나쁜 녀석들: 더 무비 영화,#장기용 #검블유 #나쁜녀석들더무비 장기용 배우(님) 그리기,4129,27,1,2019-10-06T04:26:17Z
wEdEQi5PQLc,나쁜 녀석들: 더 무비,나쁜 녀석들: 더 무비 영화,추석 한철장사를 이따위로 하나? | 나쁜 녀석들:더 무비,3440,103,22,2019-09-17T10:00:10Z
i9zAyewGwlE,나쁜 녀석들: 더 무비,나쁜 녀석들: 더 무비 명장면,[나쁜 녀석들: 더 무비] &#39;4인 4색 액션&#39; 영상,2523,43,2,2019-09-16T09:56:15Z
__l6gvOgivI,나쁜 녀석들: 더 무비,나쁜 녀석들: 더 무비 명장면,와~ 너네 진짜 나쁜 녀석들이구나?^-^/ - 나쁜녀석들: 더 무비 리뷰 [영화 공장],1705,74,2,2019-09-28T12:00:12Z
mUGmTkpTYJ8,나쁜 녀석들: 더 무비,나쁜 녀석들: 더 무비 명장면,"나쁜녀석들 더무비, 나쁜 녀석들 명대사, 나쁜 녀석들 후기, 나쁜녀석들 마동석, 김상중, 김아중, 장기용",998,26,30,2019-09-14T14:14:41Z
Wk9A-Jfd2U4,나쁜 녀석들: 더 무비,나쁜 녀석들: 더 무비 명장면,마동석 시리즈 하나 추가욧! 나쁜녀석들 더무비 리뷰!!,216,9,4,2019-09-16T14:46:46Z
KV_a-HHDqLo,나쁜 녀석들: 더 무비,나쁜 녀석들: 더 무비 명장면,나쁜녀석들 더무비 리뷰 추석 삼파전의 승자,139,3,2,2019-09-15T11:35:34Z
prBCD02rfHg,나쁜 녀석들: 더 무비,나쁜 녀석들: 더 무비 명장면,나쁜녀석들이 나타나면 무조건  악당들은 쓰러진다!!&#39;나쁜녀석들&#39;-더무비{훈이삼촌의 영화세상},89,9,0,2019-09-25T23:46:59Z
WlDteppHMSU,나쁜 녀석들: 더 무비,나쁜 녀석들: 더 무비 명장면,“미친 개 다시 풉시다” &#39;나쁜녀석들 더 무비&#39; [무한리필 샐러드] 20190926,72,0,0,2019-09-26T04:55:28Z
LQcIu7DYqCU,나쁜 녀석들: 더 무비,나쁜 녀석들: 더 무비 리뷰,봉구통닭 솔직 리뷰,1215,5,0,2019-09-16T09:39:16Z
iA0NpTM4f-U,나쁜 녀석들: 더 무비,나쁜 녀석들: 더 무비 리뷰,[나쁜 녀석들: 더 무비] 6초 리뷰 스팟(절찬 상영중),857,12,1,2019-09-11T02:13:53Z
ui_Bi4nwpxw,나쁜 녀석들: 더 무비,나쁜 녀석들: 더 무비 리뷰,경찰과 범죄자들이 손을 잡는다면?!  [ 나쁜 녀석들 더 무비 ],340,9,2,2019-09-13T14:26:32Z
jvczSsqc5cI,나쁜 녀석들: 더 무비,나쁜 녀석들: 더 무비 리뷰,총이 없는 야쿠자 두목이 마동석을 만나 장군의 아들 찍는 영화? [나쁜 영화 더 무비 리뷰],256,3,0,2019-09-16T21:18:00Z
VaOUelWKoAY,나쁜 녀석들: 더 무비,나쁜 녀석들: 더 무비 리뷰,마동석 나쁜녀석들영화 리뷰,88,5,8,2019-09-18T08:43:13Z
s1prKfCmqfQ,나쁜 녀석들: 더 무비,나쁜 녀석들: 더 무비 리뷰,나쁜녀석들:더무비 이것은드라마인가? 영화인가? [영화리뷰],79,1,1,2019-09-17T03:00:13Z
U76G-P-lfcI,82년생 김지영,82년생 김지영 영화,미경언니가 82년생 김지영을 보고 울지 않았던 이유! - 미경언니의 따끈따끈 독설,697132,12363,2430,2019-11-05T13:00:08Z
ZKyxqfXXNlI,82년생 김지영,82년생 김지영 영화,"82년생 김지영 영화, 현재 최대 피해자",682222,12295,2940,2019-10-26T00:13:33Z
ovW7X4_CuaI,82년생 김지영,82년생 김지영 영화,인성 무삭제]82년생 김지영을 보고 양심고백합니다,542019,22992,4148,2019-11-16T11:00:15Z
lRqQQtafHbI,82년생 김지영,82년생 김지영 영화,"‘82년생 김지영’, 가장 놀라운 장면과 가장 울컥한 장면(스포일러 주의!!)",477112,3781,2690,2019-10-24T10:53:21Z
jpAasWsfm6I,82년생 김지영,82년생 김지영 영화,소설의 한계를 극복한 화제의 영화: 82년생 김지영 리뷰,255765,4126,3708,2019-10-25T13:30:02Z
P9jRtN6gVPA,82년생 김지영,82년생 김지영 영화,82년생 김지영 남편 공유의 입장에서 생각해봤습니다 - 미경언니의 따끈따끈 독설,225503,5454,967,2019-11-18T13:00:05Z
GmYXxnR0-Yo,82년생 김지영,82년생 김지영 영화,"박스오피스 1위 &#39;82년생 김지영&#39;. 해외 반응 총정리 (feat. 일본, 타이완, 중국) / 스브스뉴스",219279,5403,5327,2019-10-27T02:00:00Z
Fo_igWHAdEA,82년생 김지영,82년생 김지영 영화,영화 &#39;82년생 김지영&#39; 리뷰,215540,5567,802,2019-10-25T06:00:17Z
5rd_jyPfUWI,82년생 김지영,82년생 김지영 영화,82년생 김지영 영화 직접 본 솔직 리뷰,208775,4555,1362,2019-10-24T12:10:33Z
5UYSerdR9Sc,82년생 김지영,82년생 김지영 영화,이 시점에 나타난 82년생 김지영의 가치와 의의,199192,5692,1711,2019-10-27T12:39:14Z
v0scm_6x5lg,82년생 김지영,82년생 김지영 영화,오세라비 작가의 영화 &#39;82년생 김지영&#39; 리뷰,195813,3801,1418,2019-10-30T09:54:39Z
NgStZ4qTklA,82년생 김지영,82년생 김지영 영화,화제의 영화 82년생 김지영을 본 김나정 아나운서의 발언 [이슈왕],186629,3236,1176,2019-10-30T09:40:58Z
XVEzDRC1fXM,82년생 김지영,82년생 김지영 영화,"[ENG] 팬서비스 후 급부끄런 공유, 정유미 Gong Yoo suddenly became shy : Jung Yu Mi : 영화 &#39;82년생 김지영&#39; 무대인사 191026",142981,1672,97,2019-10-26T13:01:25Z
xbduPA0-hhA,82년생 김지영,82년생 김지영 영화,영화 [82년생 김지영] 리뷰 / 스포일러 다수 포함,110920,801,403,2019-10-24T09:18:47Z
VKpLGzpifa8,82년생 김지영,82년생 김지영 영화,[병맛더빙]82년생 김지영,109914,3656,315,2019-10-26T05:27:48Z
L-NGgNRr1yM,82년생 김지영,82년생 김지영 영화,대한민국의 고문관들이 열광할 영화 &#39;82년생 김지영&#39; 리뷰(*스포일러),97806,2290,881,2019-10-25T12:02:36Z
njKLLbLRk_Y,82년생 김지영,82년생 김지영 영화,"82년생 김지영, 편집자의 비하인드 Kim Jiyoung, Born 1982, editor&#39;s behind story (Subtitles | EN, JP, KOR)",74540,6393,657,2019-10-25T08:58:04Z
o5FYNeTO_oY,82년생 김지영,82년생 김지영 영화,요즘 &#39;핫한&#39; 영화... 82년생 김지영을 보고 남편이랑 싸웠습니다;;;,73811,616,544,2019-10-25T12:10:45Z
WEmk5SY2ZCE,82년생 김지영,82년생 김지영 영화,&quot;싸우자고 만든 영화가 아니다&quot; 공유 Gong Yoo 정유미 Jung Yu Mi : 영화 &#39;82년생 김지영&#39; 무대인사 : 롯데시네마 월드타워 5관 191026,33645,478,30,2019-10-26T12:16:19Z
R_p5leOT1yI,82년생 김지영,82년생 김지영 영화,"분노한 자레드 레토, 82년생 김지영 개봉 소식: 한 주의 영화계 소식 10월 넷째 주",32169,579,111,2019-10-23T13:30:01Z
g8DtaycwPJI,82년생 김지영,82년생 김지영 명장면,영화 ‘82년생 김지영’ 수많은 논란 속에서 흥행한 이유! @본격연예 한밤 134회 20191105,7371,57,10,2019-11-05T12:49:49Z
tLdG1rPvXnk,82년생 김지영,82년생 김지영 명장면,영씹남 제4화 82년생 김지영 영화 리뷰 예고편 명장면과 줄거리!!해석을 한번에!빙의!!공유!!쏘스윗!!본격음주영화리뷰방송!,231,10,5,2019-10-25T00:54:24Z
IkUXA_Q3B4o,82년생 김지영,82년생 김지영 리뷰,댓글 달러 오세요 - 82년생 김지영,43998,1119,578,2019-10-25T00:00:00Z
PZ6qFNIt1Ro,82년생 김지영,82년생 김지영 리뷰,&#39;82년생 김지영&#39; 영화는 소설과 무엇이 다를까,27035,1284,424,2019-11-07T13:02:48Z
ug-L_VYUawY,82년생 김지영,82년생 김지영 리뷰,영화 [82년생 김지영] 리뷰 (스포일러 상당 포함),17066,200,180,2019-10-26T07:05:02Z
X9_498K-g_c,82년생 김지영,82년생 김지영 리뷰,82년생 김지영을 본 88년생 여자 기자 둘의 리뷰,11579,382,77,2019-11-03T10:18:05Z
gUaD-1vKT4k,82년생 김지영,82년생 김지영 리뷰,"영화 82년생 김지영 리뷰, 공유가 불쌍해, 감독이 안페?",8320,597,152,2019-10-30T13:49:03Z
SNg-q5wIPsw,82년생 김지영,82년생 김지영 리뷰,"82년생김지영리뷰/이 영화가 꼴페미 교과서가 되는 이유, 성차별 조장은 아쉽다.",8173,85,134,2019-10-23T11:50:02Z
EUlwbK2ZiDw,82년생 김지영,82년생 김지영 해석,&#39;82년생 김지영&#39; 악플러 뼈때리는 영화인 이유,1883,152,62,2019-11-01T14:48:47Z
iWNuHu5fM3w,82년생 김지영,82년생 김지영 해석,82년생 김지영: 영어버전 번역한 82년생 제이미 챙 이야기 - BBC News 코리아,1534,60,6,2019-11-10T04:58:05Z
8VEr4gJq9os,82년생 김지영,82년생 김지영 해석,31회[투독스TV]82년생김지영 영화리뷰! 김지영 살인사건의 전말 -1부-,291,13,15,2019-11-14T13:56:47Z
NnF0EXqY8As,82년생 김지영,82년생 김지영 의미,&#39;82년생 김지영&#39;이 불편한 당신에게 / SBS / 더저널리스트 / 김지혜 기자 편,4468,35,56,2019-11-08T09:37:39Z
UFpk-lXe92M,82년생 김지영,82년생 김지영 의미,[이슈 완전정복] 논란 속 개봉 &#39;82년생 김지영&#39;…흥행·평가는? (2019.11.01/뉴스외전/MBC),2789,69,32,2019-11-01T06:17:50Z
uY6WdzpwQ08,82년생 김지영,82년생 김지영 의미,[개봉영화] ‘그녀들의 시간’을 쌓아올리는 ‘82년생 김지영’ / KBS뉴스(News),447,6,2,2019-10-24T03:47:35Z
7p0za-foFBc,82년생 김지영,82년생 김지영 의미,[개봉영화] ‘그녀들의 시간’을 쌓아올리는 ‘82년생 김지영’ / KBS뉴스(News),265,4,0,2019-10-23T22:51:19Z
b1qMHq4Zqp4,82년생 김지영,82년생 김지영 의미,#3. 82년생김지영. 비겁하다. 손 쉬운 선택.,125,8,0,2019-10-30T13:16:25Z
XZEPXeL8yxM,분노의 질주: 홉스&쇼,분노의 질주: 홉스&쇼 영화,드웨인존슨 앞에서 덩치로 깝치면 벌어지는 일 (황석희 등장),1356896,7286,710,2019-08-22T09:16:40Z
0jytjkUZUMw,분노의 질주: 홉스&쇼,분노의 질주: 홉스&쇼 영화,분노의 질주: 홉스&amp;쇼(2019) OST : Better as One.FLAC / Hobbs &amp; Shaw(2019) OST,105627,509,14,2019-08-16T08:24:36Z
cKhdU-cPI2g,분노의 질주: 홉스&쇼,분노의 질주: 홉스&쇼 영화,[분노의 질주: 홉스&amp;쇼] 파이널 예고편,103076,78,16,2019-08-14T01:05:30Z
_nUjA8bQ8gQ,분노의 질주: 홉스&쇼,분노의 질주: 홉스&쇼 영화,[분노의 질주: 홉스&amp;쇼] 환상의 콤비 예고편,91228,31,2,2019-08-14T08:32:44Z
m3y_OfCyA_Y,분노의 질주: 홉스&쇼,분노의 질주: 홉스&쇼 영화,분노의 질주 &#39;홉스&amp;쇼&#39; 솔직 리뷰 (드립이 데드풀 뺨치는 영화),89283,1522,1240,2019-08-14T10:38:18Z
Q1Pb1FSWtfY,분노의 질주: 홉스&쇼,분노의 질주: 홉스&쇼 영화,분노의 질주: 홉스&amp;쇼(2019) OST : I&#39;m Comin&#39; Home.FLAC / Hobbs &amp; Shaw(2019) OST,86784,436,17,2019-08-16T08:30:26Z
JDxa4fOI2hw,분노의 질주: 홉스&쇼,분노의 질주: 홉스&쇼 영화,분노의 질주: 홉스 앤 쇼 가이드 리뷰 by 발없는새,83346,1669,291,2019-08-16T14:54:01Z
M1f_cvW9eEc,분노의 질주: 홉스&쇼,분노의 질주: 홉스&쇼 영화,분노도 없고 질주도 없고 재미도 없는데 지루하고 베끼기만 하고: 분노의 질주 홉스&amp;쇼 리뷰,76597,1104,448,2019-08-18T02:00:01Z
ASCS6PO5tyI,분노의 질주: 홉스&쇼,분노의 질주: 홉스&쇼 영화,[분노의 질주 홉스앤쇼 OST] YUNGBLUD - Time in a bottle [자막],61097,626,33,2019-08-19T01:29:10Z
pPL9S8XZSLk,분노의 질주: 홉스&쇼,분노의 질주: 홉스&쇼 영화,&#39;분노의 질주: 홉스 &amp; 쇼&#39; 관람 전에 꼭 보세요! 시리즈 주요 인물과 세계관 정리,41991,1420,140,2019-08-15T11:00:07Z
C0OXCx8R_Cg,분노의 질주: 홉스&쇼,분노의 질주: 홉스&쇼 영화,분노의 질주 명장면 DC의 영웅 최강매력 갤가돗,41251,188,21,2019-08-20T12:54:40Z
xiRFda_flqc,분노의 질주: 홉스&쇼,분노의 질주: 홉스&쇼 영화,한국 100만 관객 돌파 소식에 부쩍 들떠 보이는 드웨인 존슨! ㅋㅋㅋ,35043,708,234,2019-08-16T03:08:32Z
aZ5SepzhSqY,분노의 질주: 홉스&쇼,분노의 질주: 홉스&쇼 영화,포르자호라이즌4 - 분노의 질주 홉스&amp;쇼 슈퍼카 맥라렌 720S 출고기 (forza horizon 4 Mclaren 720s),17692,175,96,2019-08-23T14:00:01Z
yk_pM6jIbEE,분노의 질주: 홉스&쇼,분노의 질주: 홉스&쇼 영화,바네사 커비 분노의질주 인터뷰+보너스 영상~ (한글자막),15569,64,12,2019-09-08T14:01:38Z
TSqfS2J0bSY,분노의 질주: 홉스&쇼,분노의 질주: 홉스&쇼 영화,분노의 질주 홉스앤쇼 리뷰 (사모아가 대체 뭐야?) 스포주의,14232,68,21,2019-08-16T11:57:59Z
C6zpsIADGok,분노의 질주: 홉스&쇼,분노의 질주: 홉스&쇼 영화,바네사 커비 영화속 장면들 Vanessa Kirby Movie Scenes [TMI채널],13622,44,11,2019-08-24T03:44:46Z
VPSeNlnt65o,분노의 질주: 홉스&쇼,분노의 질주: 홉스&쇼 영화,입술에도 근육이 많아 구강액션하는 영화 - 분노의질주 : 홉스 앤 쇼,13048,392,61,2019-08-23T00:00:05Z
bbiGjCE7EtY,분노의 질주: 홉스&쇼,분노의 질주: 홉스&쇼 영화,&#39;분노의 질주&#39; 시리즈 걸크러쉬 액션 모아보기,12639,44,7,2019-08-15T10:22:58Z
QWdKg4Xgjhw,분노의 질주: 홉스&쇼,분노의 질주: 홉스&쇼 영화,"『분노의 질주 - 홉스 &amp; 쇼』를 보기 전, 인물 간략 정리",12605,117,12,2019-08-14T02:03:57Z
kFRtOHUcBNE,분노의 질주: 홉스&쇼,분노의 질주: 홉스&쇼 영화,분노의 질주: 홉스&amp;쇼(2019) OST : Keep you alive.FLAC / Hobbs &amp; Shaw(2019) OST,11820,58,3,2019-09-12T16:47:29Z
3AF1N4s1zyw,분노의 질주: 홉스&쇼,분노의 질주: 홉스&쇼 명장면,상남자 냄새ㄷㄷ 배우들도 찍으면서 소름 돋은 장면!,1952,115,187,2019-08-17T05:00:00Z
BCj3d4ZD_U0,분노의 질주: 홉스&쇼,분노의 질주: 홉스&쇼 리뷰,분노의 질주 : 홉스&amp;쇼 _ 🍺영화 리뷰,10401,162,59,2019-08-14T06:30:17Z
IsEK9YRPViM,분노의 질주: 홉스&쇼,분노의 질주: 홉스&쇼 리뷰,지구상 가장 강한 두 빡빡이가 악당을 물리치는 영화,9461,51,19,2019-08-18T04:00:00Z
VqA2uJbgC1s,분노의 질주: 홉스&쇼,분노의 질주: 홉스&쇼 리뷰,[분노의 질주: 홉스&amp;쇼] 극찬 리뷰 영상,8800,25,5,2019-08-14T08:44:15Z
1bri17SBOa0,분노의 질주: 홉스&쇼,분노의 질주: 홉스&쇼 리뷰,[분노의 질주: 홉스&amp;쇼] 리뷰 예고편,5973,17,1,2019-08-16T08:48:11Z
hDGHDr4Bln4,분노의 질주: 홉스&쇼,분노의 질주: 홉스&쇼 리뷰,무조건 폼 나야 된다 분노의 질주 배우들의 황당하고 희안하고 웃기는 계약 조건들,5558,114,24,2019-08-19T09:00:05Z
KQkjg39VLB4,분노의 질주: 홉스&쇼,분노의 질주: 홉스&쇼 리뷰,이빨로 다 까버리는 &quot;분노의 질주: 홉스&amp;쇼&quot; 영화 리뷰 ㅡ 배우 박효준의 시네마 헬 [Fast &amp; Furious Presents: Hobbs &amp; Shaw],1405,47,6,2019-08-25T09:00:06Z
NStFnxvJffU,분노의 질주: 홉스&쇼,분노의 질주: 홉스&쇼 리뷰,"재미는 있는데, 이게 분노의 질주라면...? 홉스 &amp; 쇼 리뷰 (4DX)",1297,42,11,2019-08-18T05:01:09Z
VJhsrdS_pFg,분노의 질주: 홉스&쇼,분노의 질주: 홉스&쇼 리뷰,분노의질주 홉스앤쇼 리뷰 개꿀잼 듀오의 화끈한 액션,1253,7,3,2019-08-15T13:33:25Z
R7u3xPqFXqI,분노의 질주: 홉스&쇼,분노의 질주: 홉스&쇼 리뷰,[존나 빠른 리뷰] 홉스앤쇼 빠른 리뷰 (스포없음),949,36,10,2019-08-25T16:59:23Z
z1Rqk96QYiI,분노의 질주: 홉스&쇼,분노의 질주: 홉스&쇼 리뷰,[분노의질주 홉스&amp;쇼] 스포없는 관람후기!! 보기전 꼭 알아야할  8가지!! 쿠키영상 많아요!,714,8,4,2019-08-17T01:00:05Z
uE7sixzdjQ0,분노의 질주: 홉스&쇼,분노의 질주: 홉스&쇼 리뷰,영화 [분노의 질주 : 홉스 앤 쇼] 및 4DX 관람 리뷰,702,10,3,2019-08-15T07:16:26Z
r6IwQBvZwI8,토이 스토리 4,토이 스토리 4 영화,Making FORKY🌈 : Toy story4 / 토이스토리4 포키 만들기 ! 💫,1896779,10171,349,2019-06-21T00:00:06Z
RGJHTemljiE,토이 스토리 4,토이 스토리 4 영화,토이스토리4 귀요미 &#39;포키&#39; 만들어버리깈ㅋㅋㅋ (병맛) [꾹TV],901115,16044,3142,2019-06-30T00:15:00Z
boP0bN2pYpY,토이 스토리 4,토이 스토리 4 영화,장난감 러브스토리에 레알 감동한 현실 커플 | 빈지노 | 스테파니 미초바 | 딩고무비 | 토이 스토리 4 | 표정리뷰,816144,12848,585,2019-07-03T11:00:06Z
K9vNpm3KcEQ,토이 스토리 4,토이 스토리 4 영화,&#39;토이스토리 4&#39;를 픽사가 9년이 지나서야 만든 이유,563130,6185,663,2019-06-23T19:22:27Z
FOWpDvPgQTw,토이 스토리 4,토이 스토리 4 영화,[장난감 탐구생활] 토이스토리4 펀코 미스터리 팩 서프라이즈 랜덤 뽑기!,497764,1779,0,2019-06-20T08:00:01Z
jr6oPXAHe4k,토이 스토리 4,토이 스토리 4 영화,[번외편] 토이스토리4 포키 만들기 / MAKING FORKY of TOYSTORY 4,464954,1484,0,2019-06-28T10:05:28Z
1fOqy4Ye_Y8,토이 스토리 4,토이 스토리 4 영화,엽떡 초보맛에 도전했다가 ㅠㅠ니블리 분들이랑 마피아 게임하고 토이스토리4 영화도 보고 간니는 조별과제하러 나간 주말일상 영상,367142,3925,629,2019-07-07T00:00:02Z
xfMb4P-uMK4,토이 스토리 4,토이 스토리 4 영화,[월간 다-꾸] 6월호: 왕초보용 영화 다이어리 꾸미는 법 feat. 토이스토리4! (부록: 여름 스티커 팩),360324,6961,325,2019-06-24T08:30:02Z
QpXYpu5hhuc,토이 스토리 4,토이 스토리 4 영화,4년간 모은 토이스토리 모든 *정품 실사판 장난감 언박싱하는 남매,209284,3044,409,2019-06-27T04:12:49Z
ywfKCCk3QYo,토이 스토리 4,토이 스토리 4 영화,토이 스토리 명장면 더빙판 : 우디의 수리 장면,188381,3160,231,2019-07-11T11:26:21Z
bcatnMK5Yd4,토이 스토리 4,토이 스토리 4 영화,&#39;토이 스토리 4&#39; 관람 전에 꼭 보세요! 시리즈의 세계관과 주요 등장인물 간단 정리!,132723,3377,228,2019-06-20T12:17:41Z
z4LqrHMDIhI,토이 스토리 4,토이 스토리 4 영화,토이 스토리 4 가이드 리뷰 by 발없는새,119530,2257,367,2019-06-21T13:37:58Z
mWvQxUfn4Ls,토이 스토리 4,토이 스토리 4 영화,"끝이 아닌 시작, 이별과 만남의 교차: 토이 스토리 4 리뷰",83524,1399,415,2019-06-29T05:00:04Z
BVX_YMQIQA0,토이 스토리 4,토이 스토리 4 영화,토이스토리 눈물샘 자극하는 감동적인 명장면 TOP 5 - 토이스토리 4,80798,880,216,2019-06-24T09:30:00Z
-xosc47gQi8,토이 스토리 4,토이 스토리 4 영화,토이 스토리 4(2019) OST : You&#39;ve Got a Friend in Me.FLAC / Toy Story 4(2019) OST,77998,648,0,2019-06-21T06:46:04Z
3INAtCsJM2M,토이 스토리 4,토이 스토리 4 영화,우리가 전혀 몰랐던! 토이스토리 4편의 엔딩이 큰그림인 이유?,66959,770,196,2019-06-26T07:28:16Z
tRV_Junnb0k,토이 스토리 4,토이 스토리 4 영화,토이스토리 4 이스터에그 15가지 간단 총정리,62061,622,95,2019-06-24T13:28:34Z
EttineUwWJI,토이 스토리 4,토이 스토리 4 영화,[토이 스토리 4] IMAX 관람 꿀팁 영상,61409,33,0,2019-06-26T09:00:18Z
FQm_ypBcQxE,토이 스토리 4,토이 스토리 4 영화,"[이동진, 김중혁의 영화당 #164] 1부. 픽사의 심장, 토이 스토리 (토이 스토리, 토이 스토리 2)",61027,746,71,2019-06-21T10:00:03Z
QXt6C4VD4GE,토이 스토리 4,토이 스토리 4 영화,"마지막 엔딩, 무슨 뜻일까? (토이스토리4 해석 및 스포리뷰)",51474,517,161,2019-06-21T07:44:29Z
gAXv8UPKTz4,토이 스토리 4,토이 스토리 4 명장면,토이스토리4 엔딩에 숨겨진 의미,34094,686,97,2019-07-11T12:26:02Z
3BMLBEqb-NQ,토이 스토리 4,토이 스토리 4 명장면,[Pixel Art] What’s Your Favorite Scene or Characters in Toy Story 4? | 토이스토리4 명장면 픽셀아트,362,12,8,2019-06-27T05:27:57Z
j7l9VyID2Pg,토이 스토리 4,토이 스토리 4 리뷰,🌈디즈니 토이스토리4 포키만들기 세트🌈🥄,559015,6299,433,2019-07-10T03:10:52Z
yYBlpN_hxR4,토이 스토리 4,토이 스토리 4 리뷰,[로블록스(Roblox)] 토이스토리4 점프맵!!! 이친구들 이름이 뭐였더라 기억이 잘 안나요!!! 간단 리뷰 &amp; 플레이 영상,142514,838,322,2019-07-18T07:17:35Z
Qg94xOPsEro,토이 스토리 4,토이 스토리 4 리뷰,직장인을 위한 토이스토리 리뷰 (ft.직장인의 행복),75717,4834,479,2019-07-08T12:57:43Z
x0tvHTHhr6Q,토이 스토리 4,토이 스토리 4 리뷰,[스포없는리뷰] 토이 스토리 4 - 이래서 자신만만 했었구나...,64177,2299,270,2019-06-22T02:39:35Z
Aa-GtpgX1FI,토이 스토리 4,토이 스토리 4 리뷰,토이스토리4 개봉 기념! &#39;대박 퀄리티&#39; 버즈라이트이어 리뷰_Toy story 4 Real Poseable Figure Buzz,47436,448,0,2019-06-20T04:10:57Z
uBW49V5Vq4s,토이 스토리 4,토이 스토리 4 리뷰,3편을 뛰어넘은 결말과 그 이상의 감동 / 영화 [토이스토리 4] 스포일러 리뷰,42844,391,137,2019-06-22T10:00:06Z
47b7wT2QPGE,토이 스토리 4,토이 스토리 4 리뷰,다 까는 후기: 토이 스토리 4 (스포없음)- 3편에 버금가는 감동,36866,677,132,2019-06-21T11:00:00Z
2vmFKjtwvZs,토이 스토리 4,토이 스토리 4 리뷰,토이스토리4 개봉 기념! &#39;우리에게 다시 돌아온 보핍!&#39; 3종 비교 리뷰_Toy story 4 Bo Peep,36063,422,160,2019-06-30T13:07:30Z
TFzMBfmoMaA,토이 스토리 4,토이 스토리 4 리뷰,"🌈 [다이소]토이스토리 콜라보 굿즈🤪 언박싱&amp;실물 리뷰, Daiso &amp; Toystory4",25767,267,54,2019-07-01T18:43:42Z
2cE8xEuuPHI,토이 스토리 4,토이 스토리 4 리뷰,토이스토리4에서 그리웠던 우리의 작은 친구들! 버켓 오 솔져 비교 리뷰_Bucket O Soldiers,23144,373,82,2019-07-05T13:15:20Z
Pldh7nd-DQI,토이 스토리 4,토이 스토리 4 리뷰,토이하우스 굿즈랑 CGV씨네샵 한정판 워킹피규어 포키 리뷰!,20602,243,64,2019-06-24T08:00:05Z
zrGWqgCBKMg,토이 스토리 4,토이 스토리 4 리뷰,토이스토리4 우디 메이크업하고 50만원 치 영화 속 피규어 리뷰 ㅣSEOULITE 서울라이트,20439,574,104,2019-07-07T10:00:11Z
TISlQavE5k0,토이 스토리 4,토이 스토리 4 해석,토이스토리: Toy Story OST - You&#39;ve Got a Friend in Me [가사해석/번역],723444,11338,733,2019-06-24T00:32:17Z
dBSYNoRe2eA,토이 스토리 4,토이 스토리 4 해석,토이스토리2: Toy Story 2 OST - When She Loved Me [가사해석/번역],169838,2333,111,2019-06-25T01:15:00Z
IqyhkcCcSzA,토이 스토리 4,토이 스토리 4 해석,"키아누 리브스, &#39;토이스토리4&#39;  &quot;듀크 카붐~&quot;",40548,542,80,2019-06-25T07:31:32Z
kuIF1iQk5KE,토이 스토리 4,토이 스토리 4 해석,[토이 스토리 4] 전설의 듀크 카붐 예고편,33244,406,48,2019-06-24T03:00:02Z
AYcKBN8MmeY,토이 스토리 4,토이 스토리 4 해석,토이스토리4 주인공 보핍 구매 전 필수 참고 영상!,20371,280,115,2019-06-23T10:29:02Z
3wdxGLlqSLk,토이 스토리 4,토이 스토리 4 해석,The Ballad of the Lonesome Cowboy - Chris Stapleton (토이스토리 4 OST) 가사/한국어자막,20071,167,19,2019-06-20T15:36:20Z
ygi2n4VBVp8,토이 스토리 4,토이 스토리 4 해석,[토이 스토리 4] 키아누 - 카붐일체 예고편,14407,237,24,2019-06-28T11:00:10Z
SHshHLNR39M,토이 스토리 4,토이 스토리 4 해석,왜 토이스토리4에서 치마를 벗은 걸까?(스포o),11843,110,19,2019-06-28T16:55:01Z
ZUuyqB_Pb2A,토이 스토리 4,토이 스토리 4 해석,"토이 스토리 4 [영화 보고 알려줌] 또 레전드로 기억될, 실패하지 않는 픽사의 명작",8237,130,28,2019-06-20T10:27:53Z
dTx6uxYvr18,토이 스토리 4,토이 스토리 4 해석,"스포없음) 영화관 한복판에서 펑펑 울었어요... 토이스토리4 개봉 리뷰, 마지막편 헌정공연!!",7224,167,62,2019-06-21T12:02:48Z
NzE6FanOPA0,토이 스토리 4,토이 스토리 4 의미,(스포포함)토이스토리4 결말의 의미. 토이스토리4 리뷰,3033,28,8,2019-06-21T11:35:58Z
gsa0LKWIvZ0,토이 스토리 4,토이 스토리 4 의미,"마지막 엔딩, 무슨 뜻일까? 실존철학으로 해석한 토이스토리4 결말",453,29,14,2019-06-27T08:48:26Z
ORGPALG0fEg,토이 스토리 4,토이 스토리 4 의미,토이스토리4 이야기,331,2,1,2019-06-22T07:17:51Z
s5X8YqSJhrg,토이 스토리 4,토이 스토리 4 의미,[영화 속 영어 #03] &#39;get to&#39; 느낌 잡기! #getto뜻 (영화: 토이스토리4),288,38,2,2019-07-06T06:47:26Z
b2ynimDXtUQ,토이 스토리 4,토이 스토리 4 의미,토이스토리4 보고 느낀점 몇가지 [약스포],135,4,3,2019-06-20T16:12:42Z
