영화 제목,영상 id,영화 제목,검색 키워드,영상 제목,조회수,좋아요수,댓글 수,생성된 날짜
82년생 김지영,U76G-P-lfcI,82년생 김지영,82년생 김지영 영화,미경언니가 82년생 김지영을 보고 울지 않았던 이유! - 미경언니의 따끈따끈 독설,697132,12363,2430,2019-11-05T13:00:08Z
82년생 김지영,ZKyxqfXXNlI,82년생 김지영,82년생 김지영 영화,"82년생 김지영 영화, 현재 최대 피해자",682222,12295,2940,2019-10-26T00:13:33Z
82년생 김지영,ovW7X4_CuaI,82년생 김지영,82년생 김지영 영화,인성 무삭제]82년생 김지영을 보고 양심고백합니다,542019,22992,4148,2019-11-16T11:00:15Z
82년생 김지영,lRqQQtafHbI,82년생 김지영,82년생 김지영 영화,"‘82년생 김지영’, 가장 놀라운 장면과 가장 울컥한 장면(스포일러 주의!!)",477112,3781,2690,2019-10-24T10:53:21Z
82년생 김지영,jpAasWsfm6I,82년생 김지영,82년생 김지영 영화,소설의 한계를 극복한 화제의 영화: 82년생 김지영 리뷰,255765,4126,3708,2019-10-25T13:30:02Z
82년생 김지영,P9jRtN6gVPA,82년생 김지영,82년생 김지영 영화,82년생 김지영 남편 공유의 입장에서 생각해봤습니다 - 미경언니의 따끈따끈 독설,225503,5454,967,2019-11-18T13:00:05Z
82년생 김지영,GmYXxnR0-Yo,82년생 김지영,82년생 김지영 영화,"박스오피스 1위 &#39;82년생 김지영&#39;. 해외 반응 총정리 (feat. 일본, 타이완, 중국) / 스브스뉴스",219279,5403,5327,2019-10-27T02:00:00Z
82년생 김지영,Fo_igWHAdEA,82년생 김지영,82년생 김지영 영화,영화 &#39;82년생 김지영&#39; 리뷰,215540,5567,802,2019-10-25T06:00:17Z
82년생 김지영,5rd_jyPfUWI,82년생 김지영,82년생 김지영 영화,82년생 김지영 영화 직접 본 솔직 리뷰,208775,4555,1362,2019-10-24T12:10:33Z
82년생 김지영,5UYSerdR9Sc,82년생 김지영,82년생 김지영 영화,이 시점에 나타난 82년생 김지영의 가치와 의의,199192,5692,1711,2019-10-27T12:39:14Z
극한직업,YcMZZ3sjfxk,극한직업,극한직업 영화,"극한직업, 닭으로 닥치고 천만 찍어버릴 영화!",1718827,9951,1846,2019-02-02T01:01:58Z
극한직업,7DRDMuMdxVY,극한직업,극한직업 영화,극한직업 수원왕갈비통닭을 먹었습니다.맛상무,893275,4965,1309,2019-02-10T05:45:02Z
극한직업,8iQg4napg90,극한직업,극한직업 영화,영화 &quot;극한직업&quot;의  촬영 비하인드 스토리,874344,6357,1812,2019-02-03T05:19:01Z
극한직업,jFd1X9j_9Os,극한직업,극한직업 영화,명절 개봉영화의 역사를 새로쓰는 영화 : &#39;극한직업&#39;리뷰,776131,2883,578,2019-01-31T13:02:53Z
극한직업,-iHkdgvLBlY,극한직업,극한직업 영화,웃다 지린다고 소문난 극한직업 보고 만든 웃긴 영화 볼 때 갑분싸 유형ㅋㅋㅋㅋㅋㅋㅋㅋ,632532,10512,1410,2019-01-25T08:46:13Z
극한직업,jGGPZKekX0s,극한직업,극한직업 영화,영화에 나온 치킨을 직접만들어서 친구에게 줬더니 반응이 ㅋㅋㅋㅋㅋ (극한직업 수원왕갈비통닭 만들기 ㅋㅋㅋㅋ),534181,8022,2899,2019-02-03T03:02:00Z
극한직업,PwefBCv1sp8,극한직업,극한직업 영화,치킨 장사 대박난 마약반 형사들의 어정쩡한 코미디: 극한직업 리뷰,282719,2012,1511,2019-01-25T15:58:45Z
극한직업,180SxIGYvjk,극한직업,극한직업 영화,에어프라이어로 수원왕갈비통닭 만들어봤어요! #극한직업 #영화속음식 #ASMR : Korean Fried Chicken with Soy Sauce [아내의 식탁],196307,5140,119,2019-02-21T08:00:00Z
극한직업,e1M8NOBCfnk,극한직업,극한직업 영화,니블마마 치킨집 오픈?? 영화 극한직업 꿀잼 상황극~! 지금까지 이런맛은 없었다! 수원 왕갈비 통닭 먹방~!,131767,1612,531,2019-02-09T00:00:07Z
극한직업,U6oodeFrOtk,극한직업,극한직업 리뷰,올해는 믿고 보는 류승룡 가즈아 - 극한직업,129375,1486,334,2019-01-26T11:15:01Z
나쁜 녀석들: 더 무비,8qROF7VtUQE,나쁜 녀석들: 더 무비,나쁜 녀석들: 더 무비 영화,"[#뭅뭅픽] 누군가는 겪었을 이야기, 국제시장 속 명장면 명대사 모음",2054209,14503,3582,2019-09-13T01:00:02Z
나쁜 녀석들: 더 무비,6yzjoR91LKQ,나쁜 녀석들: 더 무비,나쁜 녀석들: 더 무비 영화,[나쁜녀석들] 형한테 혼나볼래? 美친개의 시작 마동석X김상중 레전드 하이라이트 모음zip | Bad guys,1048847,2879,299,2019-09-11T01:00:00Z
나쁜 녀석들: 더 무비,Nj9FuZjZi0A,나쁜 녀석들: 더 무비,나쁜 녀석들: 더 무비 영화,[나쁜 녀석들: 더 무비]  300만 관객돌파! _리뷰 30초스팟,459098,29,2,2019-09-11T02:17:35Z
나쁜 녀석들: 더 무비,Vn6c5rafSTs,나쁜 녀석들: 더 무비,나쁜 녀석들: 더 무비 영화,원작 드라마만도 못한 긴장감의 김빠진 케이퍼 무비 - 나쁜 녀석들: 더 무비 리뷰,267909,1855,693,2019-09-13T13:00:07Z
나쁜 녀석들: 더 무비,nxZdj4c_94c,나쁜 녀석들: 더 무비,나쁜 녀석들: 더 무비 영화,드라마 &#39;나쁜 녀석들&#39; 시즌1 요약정리 [줄거리 알려줌] &#39;나쁜 녀석들: 더 무비&#39; 편,107074,664,89,2019-09-11T08:14:25Z
나쁜 녀석들: 더 무비,xQ3YiZh7LfA,나쁜 녀석들: 더 무비,나쁜 녀석들: 더 무비 영화,영화 [나쁜 녀석들 - 더 무비] 리뷰,66929,216,82,2019-09-11T13:00:11Z
나쁜 녀석들: 더 무비,LnAs2W7tI3k,나쁜 녀석들: 더 무비,나쁜 녀석들: 더 무비 영화,"[속보] 추석 연휴, CGV 흥행주의보 발령!! 씨네캐스터가 추석 라인업 한 방에 싹 정리해드립니다 :) [무비TMI]",39909,191,16,2019-09-11T03:05:33Z
나쁜 녀석들: 더 무비,QIxv4BEIol8,나쁜 녀석들: 더 무비,나쁜 녀석들: 더 무비 영화,세상에서 제일 신박한 아재개그를 들어벌임.mov (기용이 오열) [저세상인터뷰],22097,447,49,2019-09-16T10:00:03Z
나쁜 녀석들: 더 무비,jF_pHmjL24A,나쁜 녀석들: 더 무비,나쁜 녀석들: 더 무비 영화,팬 싸인회 했다가 손목 부러지는줄 알았습니다...,21799,565,57,2019-10-07T08:01:44Z
나쁜 녀석들: 더 무비,ag6pfGCh5uQ,나쁜 녀석들: 더 무비,나쁜 녀석들: 더 무비 영화,그게 칭찬이 아닙니다 - 나쁜 녀석들 : 더 무비,16524,440,80,2019-09-25T00:00:01Z
라이온 킹,R72qEKwfmWw,라이온 킹,라이온 킹 영화,영화 보는 유형ㅋㅋㅋ,4590510,30416,8584,2019-08-08T23:41:31Z
라이온 킹,FsBTfHbYp_E,라이온 킹,라이온 킹 영화,[라이온 킹 2019 OST] Circle of Life 한글/가사/해석,1118769,6309,415,2019-07-21T13:28:45Z
라이온 킹,5MXOz-Bp__8,라이온 킹,라이온 킹 영화,아니 이걸 왜 빼냐고! 라이온킹 원작 실사 차이점 12가지 총정리,914163,6009,1396,2019-07-20T12:23:43Z
라이온 킹,COQYzW7hqFs,라이온 킹,라이온 킹 영화,라이온 킹 2019 OST🦁 Can You Feel the Love Tonight -Beyoncé비욘세/Donald Glover도날드 글로버/가사해석/발음,472174,3260,244,2019-07-20T17:27:59Z
라이온 킹,xMhjT9nIlG0,라이온 킹,라이온 킹 영화,라이온킹(2019)가 라이온킹(1994)를 본 사람들에겐 노잼인 이유,451132,4465,1643,2019-07-17T09:44:29Z
라이온 킹,_Fe1KEQ1f1U,라이온 킹,라이온 킹 영화,[라이온 킹] 클래식 리뷰 스팟,415801,43,3,2019-07-24T07:07:09Z
라이온 킹,EgqQSuwYpA0,라이온 킹,라이온 킹 영화,[명장면 다시 보기] 라이온 킹 - Hakuna Matata (한영 자막),364690,0,170,2019-07-17T17:12:04Z
라이온 킹,QyfX4dpnnKM,라이온 킹,라이온 킹 영화,표정도 감정도 느낄 수 없어서 정말 아쉬운 라이온킹 실사판,361211,2666,1325,2019-07-18T10:21:18Z
라이온 킹,V0RA-Wps_wY,라이온 킹,라이온 킹 영화,라이온 킹 2019 OST🦁 Hakuna Matata(하쿠나 마타타) [한국어 가사 해석/자막/번역/lyrics],358527,1595,117,2019-08-01T12:07:00Z
라이온 킹,TAy9zPXuY3Q,라이온 킹,라이온 킹 영화,[라이온 킹] 비욘세 &#39;Spirit&#39; 리뷰 스팟,263435,39,2,2019-07-25T03:36:36Z
봉오동 전투,-_V4WxObh48,봉오동 전투,봉오동 전투 영화,"애국심 장사, 그 얄팍한 계산으로 만들어낸 지루하고 허술한 졸작: 봉오동 전투 리뷰",410870,7715,4526,2019-08-10T11:30:00Z
봉오동 전투,-nZgYRcj5XA,봉오동 전투,봉오동 전투 영화,[영화TALK] NO 봉오동 전투! 절대로 보지 마세요!,319202,12077,6637,2019-08-08T02:44:15Z
봉오동 전투,1SNnrMrnkkA,봉오동 전투,봉오동 전투 영화,홍보는 OK! 비판은 NO? 쇼박스의 봉오동 전투 비판 리뷰 검열 사태,312105,12169,2048,2019-08-18T05:00:12Z
봉오동 전투,C-NwB_3fYws,봉오동 전투,봉오동 전투 리뷰,[봉오동 전투] 관객 리뷰 영상,131832,27,10,2019-08-09T07:16:47Z
봉오동 전투,3cLCIAqEcFY,봉오동 전투,봉오동 전투 영화,봉오동 전투를 봤더니 엑시트를 칭찬하고 싶어졌다.,103029,2321,1055,2019-08-11T10:15:15Z
봉오동 전투,WvKLsUrXZqs,봉오동 전투,봉오동 전투 영화,"엑시트 대박, 일본 애니메이션은 쪽박! 봉오동 전투와 김복동 개봉 등: 8월 첫째 주 영화계 소식",44553,757,237,2019-08-07T11:30:00Z
봉오동 전투,MGRdWdtPqDI,봉오동 전투,봉오동 전투 영화,이시국 씨가 이 영화를 좋아하니까요 - 봉오동 전투,42831,1022,295,2019-08-12T00:00:01Z
봉오동 전투,IVt03z7YjL0,봉오동 전투,봉오동 전투 영화,"무영보bros 극장가다(56) 봉오동전투 - 글로 배운 역사, 비로소 사무치다",39819,134,17,2019-08-28T10:19:50Z
봉오동 전투,EnUVCHKgeMA,봉오동 전투,봉오동 전투 리뷰,배우가 알려주는 유해진의 풀 스토리 / [배우 리뷰],35745,499,135,2019-08-09T10:02:07Z
봉오동 전투,EGWa609zx6k,봉오동 전투,봉오동 전투 영화,The Battle: Roar to Victory (2019) 봉오동 전투 Movie Review | EONTALK,22180,241,33,2019-08-21T05:28:18Z
분노의 질주: 홉스&쇼,XZEPXeL8yxM,분노의 질주: 홉스&쇼,분노의 질주: 홉스&쇼 영화,드웨인존슨 앞에서 덩치로 깝치면 벌어지는 일 (황석희 등장),1356896,7286,710,2019-08-22T09:16:40Z
분노의 질주: 홉스&쇼,0jytjkUZUMw,분노의 질주: 홉스&쇼,분노의 질주: 홉스&쇼 영화,분노의 질주: 홉스&amp;쇼(2019) OST : Better as One.FLAC / Hobbs &amp; Shaw(2019) OST,105627,509,14,2019-08-16T08:24:36Z
분노의 질주: 홉스&쇼,cKhdU-cPI2g,분노의 질주: 홉스&쇼,분노의 질주: 홉스&쇼 영화,[분노의 질주: 홉스&amp;쇼] 파이널 예고편,103076,78,16,2019-08-14T01:05:30Z
분노의 질주: 홉스&쇼,_nUjA8bQ8gQ,분노의 질주: 홉스&쇼,분노의 질주: 홉스&쇼 영화,[분노의 질주: 홉스&amp;쇼] 환상의 콤비 예고편,91228,31,2,2019-08-14T08:32:44Z
분노의 질주: 홉스&쇼,m3y_OfCyA_Y,분노의 질주: 홉스&쇼,분노의 질주: 홉스&쇼 영화,분노의 질주 &#39;홉스&amp;쇼&#39; 솔직 리뷰 (드립이 데드풀 뺨치는 영화),89283,1522,1240,2019-08-14T10:38:18Z
분노의 질주: 홉스&쇼,Q1Pb1FSWtfY,분노의 질주: 홉스&쇼,분노의 질주: 홉스&쇼 영화,분노의 질주: 홉스&amp;쇼(2019) OST : I&#39;m Comin&#39; Home.FLAC / Hobbs &amp; Shaw(2019) OST,86784,436,17,2019-08-16T08:30:26Z
분노의 질주: 홉스&쇼,JDxa4fOI2hw,분노의 질주: 홉스&쇼,분노의 질주: 홉스&쇼 영화,분노의 질주: 홉스 앤 쇼 가이드 리뷰 by 발없는새,83346,1669,291,2019-08-16T14:54:01Z
분노의 질주: 홉스&쇼,M1f_cvW9eEc,분노의 질주: 홉스&쇼,분노의 질주: 홉스&쇼 영화,분노도 없고 질주도 없고 재미도 없는데 지루하고 베끼기만 하고: 분노의 질주 홉스&amp;쇼 리뷰,76597,1104,448,2019-08-18T02:00:01Z
분노의 질주: 홉스&쇼,ASCS6PO5tyI,분노의 질주: 홉스&쇼,분노의 질주: 홉스&쇼 영화,[분노의 질주 홉스앤쇼 OST] YUNGBLUD - Time in a bottle [자막],61097,626,33,2019-08-19T01:29:10Z
분노의 질주: 홉스&쇼,pPL9S8XZSLk,분노의 질주: 홉스&쇼,분노의 질주: 홉스&쇼 영화,&#39;분노의 질주: 홉스 &amp; 쇼&#39; 관람 전에 꼭 보세요! 시리즈 주요 인물과 세계관 정리,41991,1420,140,2019-08-15T11:00:07Z
스파이더맨: 파 프롬 홈,k0yCHl4yW7Y,스파이더맨: 파 프롬 홈,스파이더맨: 파 프롬 홈 영화,스파이더 맨 &#39;파 프롬 홈&#39; 쿠키 영상에 숨겨진 비밀들 (솔직 감상 후기),1374952,12064,3422,2019-07-02T10:30:06Z
스파이더맨: 파 프롬 홈,H6uaL5EO0M8,스파이더맨: 파 프롬 홈,스파이더맨: 파 프롬 홈 영화,[SPOILER] MEAN Spiderman : Far From Home  파프롬홈 개그릴,1108029,34440,1608,2019-07-24T08:45:55Z
스파이더맨: 파 프롬 홈,xuE94VS2kp4,스파이더맨: 파 프롬 홈,스파이더맨: 파 프롬 홈 영화,한 번 봐서는 알 수 없는 스파이더맨 파 프롬 홈 19가지 포인트,840783,6807,696,2019-07-11T01:00:05Z
스파이더맨: 파 프롬 홈,cFY_OyQS1dI,스파이더맨: 파 프롬 홈,스파이더맨: 파 프롬 홈 영화,완전 멋있어진 파프롬홈 스파이더맨! 티어3 만들기  [퓨처 파이트],763992,3976,773,2019-07-09T06:18:59Z
스파이더맨: 파 프롬 홈,G1wP5dCV4PY,스파이더맨: 파 프롬 홈,스파이더맨: 파 프롬 홈 영화,"스파이더맨 파 프롬 홈, 쿠키 떡밥풀이",496777,3543,864,2019-07-02T01:54:24Z
스파이더맨: 파 프롬 홈,A8LHNg85ooU,스파이더맨: 파 프롬 홈,스파이더맨: 파 프롬 홈 해석,[스파이더맨: 홈커밍] 당신이 모르는 숨겨진 비밀,442652,3580,228,2019-07-02T11:06:53Z
스파이더맨: 파 프롬 홈,qwlolOGw1DI,스파이더맨: 파 프롬 홈,스파이더맨: 파 프롬 홈 영화,"스파이더맨 파 프롬 홈, 전작의 떡밥, 포인트, 쿠키 해석",415514,4652,1036,2019-07-02T11:02:59Z
스파이더맨: 파 프롬 홈,AmO4eYW9Sh8,스파이더맨: 파 프롬 홈,스파이더맨: 파 프롬 홈 영화,스파이더맨: 파 프롬 홈의 쿠키영상에 대해 알려주마,368657,3176,624,2019-07-04T10:00:01Z
스파이더맨: 파 프롬 홈,nTM-u3C89w0,스파이더맨: 파 프롬 홈,스파이더맨: 파 프롬 홈 영화,‘스파이더맨 : 파 프롬 홈’ 충격 엔딩과 쿠키의 전말 (스포),333500,2426,388,2019-07-02T04:57:20Z
스파이더맨: 파 프롬 홈,nhXlb-QFbyQ,스파이더맨: 파 프롬 홈,스파이더맨: 파 프롬 홈 영화,마블의 소니 인수 각? 스파이더맨 파프롬홈 쿠키 분석!,332085,2945,678,2019-07-07T08:18:13Z
어벤져스: 엔드게임,9z4ZR68bcAQ,어벤져스: 엔드게임,어벤져스: 엔드게임 영화,역대 마블시리즈.. 어벤져스 G렸던 순간들《1부》,6386480,35655,5405,2019-04-24T09:46:25Z
어벤져스: 엔드게임,HSHI1nlZF4k,어벤져스: 엔드게임,어벤져스: 엔드게임 영화,[*SPOILER*]Avengers : Endgame gag reel  어벤저스 엔드게임 개그릴,4479965,121576,3586,2019-05-16T10:04:24Z
어벤져스: 엔드게임,fg9MQ8lIoX4,어벤져스: 엔드게임,어벤져스: 엔드게임 영화,(2탄)마블 덕후들의 숨막히는 마블 덕후 증명 대결 ㅋㅋㅋ(어벤져스 엔드게임),3662880,29897,2407,2019-05-15T08:34:22Z
어벤져스: 엔드게임,5RnI2wVQaF0,어벤져스: 엔드게임,어벤져스: 엔드게임 영화,어벤져스 엔드게임이 남긴 떡밥 14개 총정리,3194999,25325,7709,2019-04-24T08:30:00Z
어벤져스: 엔드게임,IuRJRWknRTA,어벤져스: 엔드게임,어벤져스: 엔드게임 영화,어벤져스 엔드게임 아껴보려던 형 따라다니면서 스포해버리기ㅋㅋㅋㅋㅋ,2461584,24109,2758,2019-05-12T06:13:03Z
어벤져스: 엔드게임,5IqR6b-MexQ,어벤져스: 엔드게임,어벤져스: 엔드게임 해석,엔드게임 1회차 관람자는 절대 발견할 수 없는 장면들 디테일 (소름 유발 영상),2324765,18826,3641,2019-04-28T09:23:29Z
어벤져스: 엔드게임,nlr5pbjvJ9I,어벤져스: 엔드게임,어벤져스: 엔드게임 영화,★★더블비 어벤져스 엔드게임(Avengers: Endgame) 마블 히어로 패러디 모음집★★,2185198,17740,2156,2019-05-03T08:30:00Z
어벤져스: 엔드게임,YNJ4Tc9qD4w,어벤져스: 엔드게임,어벤져스: 엔드게임 리뷰,(스포)엔드게임에서 타노스가 무서워한 영웅은 따로 있었다? ㄷㄷ;;,1976017,13184,4314,2019-04-26T10:08:30Z
어벤져스: 엔드게임,yQyTdZiNugY,어벤져스: 엔드게임,어벤져스: 엔드게임 영화,어벤져스 엔드게임 정리 및 강력한 다음 빌런(최고의 명장면 명대사?),1904995,9651,6111,2019-04-25T05:23:30Z
어벤져스: 엔드게임,1XMtutT1-kE,어벤져스: 엔드게임,어벤져스: 엔드게임 영화,어벤져스 엔드게임 삭제 장면 총정리,1898864,14679,1436,2019-05-12T01:00:00Z
엑시트,Uww7Gu6-OE4,엑시트,엑시트 영화,슈퍼히어로 (영화 엑시트 삽입곡) SUPER HERO (EXIT OST Ver.),944288,6595,564,2019-07-31T03:10:04Z
엑시트,_oetCaEBf_s,엑시트,엑시트 영화,"실감나서 넘 웃긴 &#39;사람 살려주세요&#39; Live : 조정석, 윤아, 유수빈, 배유람 Rescue request : 영화 &#39;엑시트&#39; 700만 땡큐 쇼케이스 : 롯데시네마 시네파크",719365,9941,441,2019-08-15T03:21:35Z
엑시트,QnCP8TrTxag,엑시트,엑시트 영화,엑시트가 깨부셔버린 기존 재난 영화의 9가지 클리셰,562772,7710,1511,2019-08-02T12:03:55Z
엑시트,opPFWdpCO8c,엑시트,엑시트 영화,[엑시트 엔딩곡 OST] 슈퍼히어로 M/V,399328,4290,735,2019-08-06T05:01:44Z
엑시트,8V_eefVMZBY,엑시트,엑시트 영화,"[ENG] 웃겨서 고통받는 윤아 와 조정석 (MC 박지선) YoonA(SNSD), Jo Jung Suk, painful and funny : 영화 엑시트 라이브챗 GV",353844,3248,200,2019-08-01T10:31:56Z
엑시트,5MSlOsPICNI,엑시트,엑시트 영화,"18만 유튜버 라이너와 &#39;엑시트&#39; 토론하다 빡친 영화 평론가, 최후의 카드 꺼내들다?!ㅣ정영진 최욱의 매불쇼",304566,4176,620,2019-08-08T10:00:29Z
엑시트,9ZuRhI5qSxY,엑시트,엑시트 영화,엑시트 명장면,271046,2341,266,2019-08-03T14:44:50Z
엑시트,eEivM-rCUZ0,엑시트,엑시트 영화,영화 기생충 아줌마 똑같이 따라하는 태연 &amp; 엑시트 용남 (조정석) 참치 회사 취직 소식을 들은 태연,212534,2104,101,2019-08-20T14:24:06Z
엑시트,e7EIZgf_wx8,엑시트,엑시트 영화,“따따따~” &#39;엑시트&#39; SOS 구조신호 - 모스 부호 (feat.임윤아 Yoona),193112,1588,342,2019-07-31T07:23:16Z
엑시트,PgJ_0BFtjxE,엑시트,엑시트 영화,&#39;엑시트&#39; &#39;슈퍼히어로&#39; 뮤직비디오,123508,1914,245,2019-08-02T05:27:55Z
조커,xYqUpl6kg6Q,조커,조커 영화,한국인들이 이해할 수 없었던 조커의 개그,2325359,26942,2212,2019-10-12T03:35:17Z
조커,O_Sf5eKqSro,조커,조커 영화,(강스포)쓰레기 같은 건 당신들의 역겨운 이중잣대 아닐까요? 조커 해석/번역/논란 총정리 리뷰,1447075,21980,4978,2019-10-06T12:00:14Z
조커,e1DaHrqaqZ4,조커,조커 영화,조커 춤이 애드립이라고? 호아킨 피닉스의 클라스 오짐 ㄷㄷ;;,1012716,7594,1163,2019-10-16T09:29:39Z
조커,t67mu8EwlDY,조커,조커 영화,"조커 완전 분석 리뷰(모든 논란 정리, 감독의 의도 해석)",925675,9899,1002,2019-10-09T20:19:52Z
조커,UZ4CSK_n5Co,조커,조커 영화,조커가 재차 증명한 DC와 마블의 차이,828337,6247,1779,2019-10-22T09:00:05Z
조커,-grz1c8Yexw,조커,조커 의미,[조커]에 숨겨진 의미 5가지 총정리,817583,6159,2091,2019-10-03T07:49:58Z
조커,vCQmA22tw-w,조커,조커 영화,조커의 계단춤이 지릴 수밖에 없는 이유! 당신이 모르는 조커 해석,788389,5304,1013,2019-10-08T11:11:08Z
조커,NNIfjYXmywE,조커,조커 영화,영화 조커 1분 요약,767249,12433,1310,2019-10-10T09:00:03Z
조커,TIm-QOkb4XY,조커,조커 영화,세상을 향한 이 광대의 비웃음이 처절하게 느껴지는 이유...: 조커 리뷰,699095,8395,2675,2019-10-02T15:00:06Z
조커,hzEwALhrG0g,조커,조커 해석,당신이 놓친 조커 속 담겨있던 15가지 디테일,693487,5417,854,2019-10-12T01:00:03Z
캡틴 마블,Io0F4Qi1Rvg,캡틴 마블,캡틴 마블 영화,어벤져스4를 예고한 캡틴마블 떡밥과 비하인드 총정리,1616483,12177,2539,2019-03-06T03:00:00Z
캡틴 마블,UIzDiV7Z5CA,캡틴 마블,캡틴 마블 영화,캡틴마블VS스크럴종족 숨막히는 추격전!!!! (박민규의 돈과 가방을 들고 튀어라!!!!!!ㅋㅋㅋㅋㅋ),1130962,12659,1876,2019-03-24T08:29:00Z
캡틴 마블,D7kOeRn3Dzo,캡틴 마블,캡틴 마블 영화,마블 &amp; DC 최고의 전투력을 지닌 최강 히어로 순위 Top 10 - 캡틴마블부터 슈퍼맨까지 !!,825359,3562,2022,2019-03-11T12:42:48Z
캡틴 마블,FWxfV5L_Uvc,캡틴 마블,캡틴 마블 영화,엔드게임 예고편을 보고 확신하게 되었습니다 (캡틴 마블 쿠키 영상의 의미),806437,6572,1886,2019-03-18T10:13:14Z
캡틴 마블,BLALlVsC1xI,캡틴 마블,캡틴 마블 영화,타노스조차 못막는다는 캡틴 마블의 파워,756580,1947,1540,2019-03-21T07:49:28Z
캡틴 마블,uqMb7uyCk18,캡틴 마블,캡틴 마블 영화,캡틴마블이 어벤져스4 에서 타노스를 물리칠 수 밖에 없는 이유 3가지 _ 캡틴마블 능력 떡밥,682979,2342,1470,2019-03-06T12:00:00Z
캡틴 마블,jRVp4i5AMM0,캡틴 마블,캡틴 마블 영화,자전차왕 엄복동보다 재미없다는(비꼼) &#39;그 영화&#39; 캡틴 마블 리뷰,628493,7291,2446,2019-03-16T02:38:03Z
캡틴 마블,AGnzd4Gnj54,캡틴 마블,캡틴 마블 영화,캡틴마블과 어벤져스4 엔드게임은 이렇게 이어진다! + 캡틴마블 쿠키영상 떡밥 총정리,618785,4288,1389,2019-03-06T04:28:47Z
캡틴 마블,-PrE4XC-oSs,캡틴 마블,캡틴 마블 영화,캡틴마블의 출연료에 대해｜아쉬운점이 많은 영화,606272,0,2635,2019-03-09T14:29:46Z
캡틴 마블,aJyRkpS3J-c,캡틴 마블,캡틴 마블 영화,&quot;캡틴마블&quot; 쿠키영상에 &quot;그 것&quot;이 등장한 이유,457917,2992,467,2019-03-11T15:47:08Z
토이 스토리 4,r6IwQBvZwI8,토이 스토리 4,토이 스토리 4 영화,Making FORKY🌈 : Toy story4 / 토이스토리4 포키 만들기 ! 💫,1896779,10171,349,2019-06-21T00:00:06Z
토이 스토리 4,RGJHTemljiE,토이 스토리 4,토이 스토리 4 영화,토이스토리4 귀요미 &#39;포키&#39; 만들어버리깈ㅋㅋㅋ (병맛) [꾹TV],901115,16044,3142,2019-06-30T00:15:00Z
토이 스토리 4,boP0bN2pYpY,토이 스토리 4,토이 스토리 4 영화,장난감 러브스토리에 레알 감동한 현실 커플 | 빈지노 | 스테파니 미초바 | 딩고무비 | 토이 스토리 4 | 표정리뷰,816144,12848,585,2019-07-03T11:00:06Z
토이 스토리 4,TISlQavE5k0,토이 스토리 4,토이 스토리 4 해석,토이스토리: Toy Story OST - You&#39;ve Got a Friend in Me [가사해석/번역],723444,11338,733,2019-06-24T00:32:17Z
토이 스토리 4,K9vNpm3KcEQ,토이 스토리 4,토이 스토리 4 영화,&#39;토이스토리 4&#39;를 픽사가 9년이 지나서야 만든 이유,563130,6185,663,2019-06-23T19:22:27Z
토이 스토리 4,j7l9VyID2Pg,토이 스토리 4,토이 스토리 4 리뷰,🌈디즈니 토이스토리4 포키만들기 세트🌈🥄,559015,6299,433,2019-07-10T03:10:52Z
토이 스토리 4,FOWpDvPgQTw,토이 스토리 4,토이 스토리 4 영화,[장난감 탐구생활] 토이스토리4 펀코 미스터리 팩 서프라이즈 랜덤 뽑기!,497764,1779,0,2019-06-20T08:00:01Z
토이 스토리 4,jr6oPXAHe4k,토이 스토리 4,토이 스토리 4 영화,[번외편] 토이스토리4 포키 만들기 / MAKING FORKY of TOYSTORY 4,464954,1484,0,2019-06-28T10:05:28Z
토이 스토리 4,1fOqy4Ye_Y8,토이 스토리 4,토이 스토리 4 영화,엽떡 초보맛에 도전했다가 ㅠㅠ니블리 분들이랑 마피아 게임하고 토이스토리4 영화도 보고 간니는 조별과제하러 나간 주말일상 영상,367142,3925,629,2019-07-07T00:00:02Z
토이 스토리 4,xfMb4P-uMK4,토이 스토리 4,토이 스토리 4 영화,[월간 다-꾸] 6월호: 왕초보용 영화 다이어리 꾸미는 법 feat. 토이스토리4! (부록: 여름 스티커 팩),360324,6961,325,2019-06-24T08:30:02Z
