,영화 제목,영상 id,검색 키워드,영상 제목,조회수,좋아요수,댓글 수,생성된 날짜
0,가장 보통의 연애,A6Vn67Sdmig,가장 보통의 연애 영화,사랑은 진동하는 소주 냄새를 타고 이뤄지는 것: 가장 보통의 연애 리뷰,88459,1098,221,2019-10-10T10:00:02Z
1,가장 보통의 연애,QPAHDHyxyiQ,가장 보통의 연애 영화,"서로 안 맞는 공효진, 김래원, 당황 박지선 : Gong Hyo-jin, Kim Rae-won, different personality : 영화 &#39;가장 보통의 연애&#39; 라이브챗 GV",67447,404,25,2019-10-02T05:20:07Z
2,가장 보통의 연애,wwHeVWY_osk,가장 보통의 연애 영화,[가장 보통의 연애] 전국민 격공 리뷰 영상,65206,35,0,2019-10-02T10:04:13Z
3,가장 보통의 연애,vBGnr2i_EeI,가장 보통의 연애 영화,영화 [가장 보통의 연애] 리뷰,62709,261,64,2019-10-02T07:30:03Z
4,가장 보통의 연애,PXzXRQYkCQs,가장 보통의 연애 영화,"공효진 웃겨서 힘들게(?) 한 강기영의 애드립 장면 : Gong Hyo-jin, Kim Rae-won : 영화 &#39;가장 보통의 연애&#39; 라이브챗 GV 관객과의대화",27930,136,7,2019-10-02T06:16:43Z
5,가장 보통의 연애,McXsMNHyHgU,가장 보통의 연애 영화,"영화 속 카페 찾다가 현타 온 박지선 : 공효진, 김래원 : 롯데시네마 &#39;가장 보통의 연애&#39; 라이브챗 GV Gong Hyo-jin, Kim Rae-won",21462,178,8,2019-10-02T06:41:22Z
6,가장 보통의 연애,-yPFSG8teyI,가장 보통의 연애 영화,"욕설이 난무한 무대인사?! 강기영(Kang Ki Young) 공효진(孔曉振, KONG HYO JIN), 김래원(金來沅, Kim Rae won)&#39;가장 보통의 연애&#39; 무대인사",20378,195,18,2019-10-05T13:09:13Z
7,가장 보통의 연애,WDX4D7mOWa8,가장 보통의 연애 영화,"마블에 돌아온 스파이더맨, 흥행 돌풍 조커?! 가장 보통의 연애까지: 10월 첫째주 영화계 소식",19491,334,30,2019-10-04T00:30:20Z
8,가장 보통의 연애,l70bGvO5TKw,가장 보통의 연애 영화,"김래원도 실제 연인에게 질척였을까? : 공효진 Gong Hyo-jin, Kim Rae-won : 영화 &#39;가장 보통의 연애&#39; 라이브챗 GV 관객과의대화",11962,100,5,2019-10-02T02:29:27Z
9,가장 보통의 연애,bWe9KBpbEJU,가장 보통의 연애 영화,"[더깊이 영화] 가장 보통의 연애ㅣCrazy Romance, 2019",11591,77,1,2019-10-11T15:05:02Z
10,내안의 그놈,d1IOUSqKSQ8,내안의 그놈 리뷰,한물 간 인터넷 소설 흉내내는 웹 드라마 수준의 졸작: 내 안의 그놈 리뷰,126164,1137,874,2019-01-16T09:00:05Z
11,내안의 그놈,wb8vMdOAoBo,내안의 그놈 영화,B1A4&#39;s Jinyoung 진영 stars &quot;The Dude In Me&quot; 내안의 그놈 (2019) Movie Trailer Full Set,68648,391,27,2019-01-14T06:45:25Z
12,내안의 그놈,rhc42eBrfI8,내안의 그놈 영화,[현영로그] 🎬大배우님들과 함께한 ‘내안의 그놈’ 무대인사🌟,68557,1880,344,2019-01-20T12:00:04Z
13,내안의 그놈,80_jvLdJpX0,내안의 그놈 영화,"내안의 그놈 출연자 과거와 현재, 최근 이름 나이 2019",35432,269,76,2019-01-21T09:00:09Z
14,내안의 그놈,4z2SpMyTuEs,내안의 그놈 영화,190108 진영 내안의 그놈 컬투쇼 : 웅팍님의 &#39;또&#39; 폭풍칭찬 (feat.충주),16365,662,39,2019-01-11T09:09:01Z
15,내안의 그놈,x2gu7ydj-Zk,내안의 그놈 영화,내안의그놈,13198,90,20,2019-01-15T11:38:26Z
16,내안의 그놈,ZEoJ6OKvpnM,내안의 그놈 영화,[가까워진걸🦕] TALK-&#39;내안의 그놈&#39; 옆에 옆에 놈이 말하는 촬영 비하인드 스토리!,7512,157,54,2019-01-10T11:52:34Z
17,내안의 그놈,V9JJOR_e-i0,내안의 그놈 영화,"내안의 그놈에 나온 이수민 영화, 학교생활, 포토쇼 비교영상",6614,82,15,2019-02-05T09:20:07Z
18,내안의 그놈,7enCc5Hq2iI,내안의 그놈 영화,⭐진영X박성웅 실물영접 후기! 영화 &#39;내안의 그놈&#39; 무대인사 직캠 VLOG ｜예서 YESEO TV,6352,130,43,2019-01-17T07:00:00Z
19,내안의 그놈,8jrfTsP72hE,내안의 그놈 영화,"[내안의 그놈] 개봉일 무대인사(feat. 퀸(QUEEN)에 빙의한 무대장악력 광머큐리 김광규, 박성웅 배우 생일 축하송)",6135,56,6,2019-01-09T15:54:53Z
20,돈,aqFjBRn9DoQ,돈 영화,돈 OST : Off The Record.FLAC / Money OST : Off The Record.FLAC,273399,1682,96,2019-03-20T18:49:15Z
21,돈,21V1wEZtGeY,돈 리뷰,[돈] 리뷰 예고편 (30초),246442,20,0,2019-03-22T05:57:18Z
22,돈,u6a8myvZ6JU,돈 영화,지능적인 경제 범죄를 그리려다 막장 범죄로 주저앉은 영화: 돈 리뷰,241666,1913,513,2019-03-24T12:30:01Z
23,돈,Pz6mYyTagao,돈 영화,[한글 가사/영화 &quot;돈&quot; OST] Will Jay - Off The Record,152429,1225,116,2019-03-24T09:36:40Z
24,돈,IQb5A31dzNg,돈 영화,영화 “돈” 리뷰 및 배우들 성대모사,105869,950,119,2019-04-04T08:08:48Z
25,돈,5nn5AqbplR0,돈 영화,금융권에 취업하고 싶다면 봐야할 영상(feat. 영화 &#39;돈&#39;),77967,924,91,2019-03-29T14:57:40Z
26,돈,dkur79kzS4E,돈 영화,[MV] 영화 &#39;돈 (Money)&#39; OST,54262,585,48,2019-03-27T03:05:21Z
27,돈,0P1KD_CVhQE,돈 영화,"영화 돈 시사회 ((빚))내고 온 셀럽 혁수 (류준열, 유지태 출연)",42589,1073,115,2019-03-22T11:10:01Z
28,돈,whUwD4IOhpM,돈 영화,돈밖에 모르던 변호사가 정의를 깨우치면? 실화 영화 1부 (변호인 명장면 명대사),36982,159,21,2019-03-22T12:21:02Z
29,돈,xoY-yISuyGg,돈 영화,[각개전투] 증권가 리얼 이야기! 주식영화 &#39;돈&#39;과 현실 비교! 증권가 찌라시 신뢰도는?,29896,147,36,2019-04-10T04:35:51Z
30,말모이,rD80iMdq87U,말모이 영화,"우리학교에서 일본어를 써야했던 실화, 말모이 리뷰",95293,1208,362,2019-01-10T11:29:11Z
31,말모이,t8Owd5O-Uw0,말모이 영화,아름다운 실화를 최대한 진부하게 연출한 영화: 말모이,88873,1020,418,2019-01-14T14:30:04Z
32,말모이,sud2XhczzwE,말모이 영화,영화 &#39;말모이&#39; 본 이낙연 총리…뒤풀이를 &#39;순우리말&#39;로만 보면? / 비디오머그,12149,225,83,2019-01-18T11:05:45Z
33,말모이,842MhcPcJ0Y,말모이 영화,"[인터뷰]&#39;말모이&#39; 덕진, 순희 기해년 인사… &quot;새해 복 많이 받고, 행복하세요&quot;",9932,131,19,2019-02-02T04:59:59Z
34,말모이,_id0AESpzIY,말모이 영화,말모이 ost &#39;푸른하늘 은하수&#39; (반달),8536,75,31,2019-01-12T10:16:20Z
35,말모이,-esIeit8TAE,말모이 영화,"190113 영화&#39;말모이&#39; 무대인사 - 유해진,박예나,조현도,김홍파,우현,김태훈,민진웅,엄유나감독",6972,63,18,2019-01-13T12:06:04Z
36,말모이,hWrZF0j1NqM,말모이 영화,"[전국구 시즌3] 번외편, &quot;말모이 보러 다모이!&quot;",5999,481,16,2019-01-17T13:28:14Z
37,말모이,M26NwwAOAl0,말모이 영화,영화관 찾은 이낙연 총리에게 쏟아진 격한 환영! 영화 &#39;말모이&#39; 관람 후 치맥파티까지 함께한 이들은 누구~?,5441,405,38,2019-01-18T09:58:38Z
38,말모이,jk_DUzAYJkk,말모이 해석,땡깡의 뜻을 알면 절대 못 쓴다? (feat.말모이),5175,20,5,2019-01-09T01:51:21Z
39,말모이,WvU4cAUwvZw,말모이 영화,말모이 _ 🍺영화 리뷰,4705,123,29,2019-01-09T09:53:15Z
40,변신,d_qiILZbOAc,변신 리뷰,[SONOKONG 손오공] 가온과 토리의 엑스가리온 토이 리뷰 : 변신기&amp;무기편 l X-GARION TOY review,957544,4002,0,2019-09-19T01:57:01Z
41,변신,hm46L6stqQQ,변신 영화,올 여름 최저의 졸작 공포영화. 개연성 따위 필요 없어: 변신 리뷰 (무서운 장면 적음),270894,2786,1246,2019-08-29T12:30:05Z
42,변신,_HFPeG7Fzsk,변신 리뷰,[쿠키런] 변신점수가 어마어마한 괴도맛 쿠키!! 완벽리뷰 / CROB Roguefort Cookie Review,131936,1027,143,2019-09-11T06:06:01Z
43,변신,lJpVrk_iaUY,변신 영화,[광고] 조이현과 김혜준의 삼천포 인터뷰 | 변신 | 알아서 인터뷰 | 김혜준 | 조이현 | 딩고무비,81153,848,93,2019-09-03T11:00:09Z
44,변신,jZVMFGxsK5I,변신 영화,Metamorphosis (2019) 변신 Movie Review | EONTALK,56753,451,73,2019-08-28T05:10:08Z
45,변신,fzh9QLH-JDc,변신 리뷰,전설을 다시 써내려가다!! │무겐 캐릭터 리뷰 541편 - 모든 변신 손오공 3.0 [레알이다이],55559,582,235,2019-09-05T09:00:14Z
46,변신,hwAWiNFVxIw,변신 영화,참신한 아이디어 망쳐버린 이 영화의 결정적 실수 (변신 스포 리뷰 / 재업로드),48880,234,179,2019-08-25T11:57:36Z
47,변신,MJWBP9poxn0,변신 리뷰,황둥이가 몬스터로 변했다!? 마인크래프트 PE 몹 변신 애드온 리뷰 [황둥이],47061,449,196,2019-09-16T08:41:41Z
48,변신,aYorwU9zkHo,변신 영화,"지오 최종화, 가면라이더 오마지오 변신음&amp;필살기음 워즈 이와에!",26144,126,85,2019-08-25T08:45:45Z
49,변신,lPb_nITL7qY,변신 영화,소리바다 어워즈 스케쥴 하러감과 동시에 데뷔하기 💐✨📌 (feat. 영화 변신보기),22566,686,53,2019-08-27T10:45:15Z
50,블랙머니,0YaG4YVwYHg,블랙머니 영화,"[4부] 191119(화)_‘블랙머니’ 개봉 5일만에 100만 관객 (정지영,조진웅)│김어준의 뉴스공장",288939,15433,1042,2019-11-19T00:38:55Z
51,블랙머니,QN8v3bXfQ-A,블랙머니 영화,한국 영화계를 망치는 &#39;적폐영화&#39; 겨울왕국?,246208,4627,914,2019-12-10T08:15:15Z
52,블랙머니,9RnjbSgr2nA,블랙머니 영화,단순하고 진부한 이야기에 숨긴 날카로운 비판의 시선: 블랙머니 리뷰,110148,1531,343,2019-11-23T05:00:13Z
53,블랙머니,7ol8O-ub8LY,블랙머니 영화,"블랙머니 실화 은행, 론스타 외환은행 먹튀사건 정리!",65854,628,133,2019-11-17T19:53:10Z
54,블랙머니,CZYHPEp_1Vo,블랙머니 영화,주인공이 열일해도 콧방귀하나 안 나오는 이유 - 블랙머니,27348,466,143,2019-11-19T11:30:00Z
55,블랙머니,TVCK5tTNmMo,블랙머니 영화,영화 [블랙머니] 리뷰,25401,144,64,2019-11-13T07:00:02Z
56,블랙머니,doKwI_ENDlw,블랙머니 영화,&#39;블랙머니&#39;로 재조명된 &#39;론스타 먹튀&#39;…영화와 다른 점은? / SBS / 주영진의 뉴스브리핑,20687,151,72,2019-11-29T09:58:02Z
57,블랙머니,jLXEYMgsjeI,블랙머니 영화,블랙머니 팩트체크 10가지! 영화와 실화 비교 !!,14976,119,34,2019-12-07T05:29:19Z
58,블랙머니,KKrsBlJB6ew,블랙머니 영화,"치타 (CHEETAH), 에스진 - 아리 (블랙머니 OST) [Music Video]",14746,306,27,2019-11-13T03:00:01Z
59,블랙머니,_bbet4SaTmI,블랙머니 영화,[주식투자]에이치엘비(블랙머니 론스타 먹튀 실화 금융 모피아/공매세력과 결탁되어 있을 가능성/이번 고발영화 계기로 검찰이 파헤치길 기대),11460,456,20,2019-11-17T01:56:59Z
60,뺑반,Jgr7VVPVD80,뺑반 영화,예사롭지 않은 패기에 압도되는 영화: 뺑반 리뷰,255877,1989,651,2019-02-05T05:00:00Z
61,뺑반,xRu-HvNM9b4,뺑반 영화,몸을 날리는 류준열의 액션 [뺑반],131050,1062,181,2019-02-21T04:52:19Z
62,뺑반,-yhdiQbp93g,뺑반 영화,영화 뺑반 2부 예고? 김고은의 깜짝 등장!,40091,280,26,2019-02-27T22:25:52Z
63,뺑반,8Rw5KYhfERA,뺑반 영화,"[국제커플] 처음해본 자동차 극장 데이트, 뺑반을 보다 (잠실 자동차 극장 꿀팁 포함)",18526,61,27,2019-02-09T02:46:01Z
64,뺑반,kD5POVk4Bjo,뺑반 영화,☆뺑반즈 데뷔 쇼케이스★..라고 해도 될 &#39;뺑반&#39; 츄잉챗 현장,10224,59,9,2019-01-30T09:53:05Z
65,뺑반,hs-4hmWAGkg,뺑반 영화,"호화로운 캐스팅과 자동차가 아까운 영화 [영화 보고 알려줌] &#39;뺑반&#39; (Hit-and-Run Squad, 2018)",10030,94,50,2019-02-01T09:49:37Z
66,뺑반,XF82_xHO1pc,뺑반 영화,"※스포주의※ 극한직업 대 뺑반, (불행히도) 싱겁고 맥빠지는 대결｜하이!무비!",5550,80,37,2019-02-01T09:00:03Z
67,뺑반,ro_tyRb8gAQ,뺑반 영화,한국영화 아닌 척 하려는 한국영화 뺑반,4868,69,25,2019-02-04T04:50:21Z
68,뺑반,r3y24JD9XBQ,뺑반 영화,"190129 영화 &#39;뺑반&#39;  츄잉챗 - 공효진,류준열,조정석,한준희감독",4528,56,3,2019-01-30T16:01:25Z
69,뺑반,kO2-3wgziMI,뺑반 영화,이 영화 제목이 왜 뺑반일까요? - 뺑반 리뷰 [영화공장],4252,50,2,2019-02-09T01:45:01Z
70,사바하,3wwCxqj9V-0,사바하 영화,육손의 진짜 의미는? 당신이 모르는 사바하속 9가지 상징 해설,1212195,7428,1335,2019-02-28T10:52:26Z
71,사바하,KcgYJeQoDU0,사바하 영화,≪사바하≫ 전체 스토리 완벽 해석,674380,6376,1284,2019-02-24T15:09:07Z
72,사바하,x08It3rnly0,사바하 영화,&#39;사바하&#39; 압도적 극찬 영상,456308,17,0,2019-02-21T06:36:00Z
73,사바하,46FS6WdZtoY,사바하 영화,뱀은 마귀의 상징이다? 당신이 모르는 사바하 동물들의 상징 해설,336136,2954,531,2019-02-25T09:20:33Z
74,사바하,ZFPUdt38nvM,사바하 해석,"사바하 해석 편 [줄거리 알려줌] 불교에서 악마는 어떻게 탄생하나? (娑婆訶, Svaha : The Sixth Finger, 2019)",334668,4417,614,2019-02-21T08:30:00Z
75,사바하,adMio0d60_8,사바하 영화,사바하 해석 : 불교와 기독교 세계관이 합쳐진 영화,267496,1644,561,2019-02-23T08:04:29Z
76,사바하,EmY0BlfG0ag,사바하 영화,사바하를 이해하는 7가지 포인트 - 사바하 추가 해석,267076,2109,367,2019-02-28T02:22:24Z
77,사바하,zhXrM-ekO3E,사바하 영화,"사바하 해석, 아무도 말해 주지 않는 사바하 진짜 의미",200953,1316,163,2019-02-28T05:27:45Z
78,사바하,q3Hj1ASCcgg,사바하 영화,사바하 : 고정관념을 박살내버리는 영화,184328,1920,330,2019-02-22T09:12:35Z
79,사바하,eSZha-rpqLc,사바하 영화,&#39;생각&#39;하게 만드는 영화가 얼마만인가? : 영화 &#39;사바하&#39; 리뷰,163685,1241,190,2019-02-27T10:04:51Z
80,신의 한 수: 귀수편,Z2CJiRnzpFE,신의 한 수: 귀수편 영화,신의 한 수: 귀수편 (The Divine Move 2: The Wrathful) 감상문,2095394,5444,1508,2019-11-10T09:38:57Z
81,신의 한 수: 귀수편,-2q6ggCxJUE,신의 한 수: 귀수편 영화,[신의 한 수: 귀수편] 리뷰 스팟,432756,27,4,2019-11-11T06:43:53Z
82,신의 한 수: 귀수편,vx6mMJm9an4,신의 한 수: 귀수편 영화,영화 [신의 한 수 :  귀수편] 리뷰 (스포일러 포함),295295,0,461,2019-11-07T08:45:00Z
83,신의 한 수: 귀수편,kGuwmVDzmBQ,신의 한 수: 귀수편 영화,아니 이럴거면 바둑은 빼고 그냥 액션영화를 만드세요 - 신의 한 수: 귀수편,222542,1785,819,2019-11-17T13:00:12Z
84,신의 한 수: 귀수편,XRMbhPkLBmo,신의 한 수: 귀수편 영화,(스포O)바둑프로100명 동시에 이긴다고? 바둑프로기사가 본 신의한수 귀수편 리뷰ㅣ프로연우_ProYeonwoo,122944,876,207,2019-11-20T03:32:30Z
85,신의 한 수: 귀수편,3bndFpJlsZA,신의 한 수: 귀수편 영화,[광고] 우도환이 내 눈 앞에서 고백한다면? | 신의 한 수: 귀수편ㅣ더 킹 | 딩고무비 | 대관했딩 | 권상우 | 김희원 | 허성태,110743,3121,163,2019-11-15T09:00:00Z
86,신의 한 수: 귀수편,-phDiSBMqKc,신의 한 수: 귀수편 영화,고스트 바둑왕 사이 리뷰 ] 신의 한 수 귀수? 귀신의 수를 둔다고? 얘는 그냥 귀신입니다.,83084,318,173,2019-11-08T10:00:01Z
87,신의 한 수: 귀수편,5lYXf6XB-W0,신의 한 수: 귀수편 영화,신의 한 수: 귀수편 가이드 리뷰,78404,1271,241,2019-11-11T09:00:00Z
88,신의 한 수: 귀수편,zXHNta84sb0,신의 한 수: 귀수편 영화,신의한수 : 정우성 vs 살수,43264,205,71,2019-11-14T11:40:47Z
89,신의 한 수: 귀수편,RzG9juRdW3A,신의 한 수: 귀수편 영화,액션 영화로서 이만하면 잘 한 거지 - 신의 한 수 : 귀수편,35328,573,136,2019-11-12T00:00:02Z
90,악인전,oWpvdAMfzg4,악인전 영화,경찰 조폭 연쇄살인마... 식상해도 정도가 있지: 악인전 리뷰,324695,2168,1109,2019-05-22T09:00:07Z
91,악인전,7uHeE7WQS9w,악인전 영화,마동석 마블리 파워풀한 액션 명장면 모음!! ( 범죄도시 부산행 이웃사람 범죄와의전쟁 악인전 액션영화 챔피언 신과함께 ),111047,459,60,2019-06-02T05:57:08Z
92,악인전,-oeLxoa8dS4,악인전 명장면,[악인전] 무삭제 영상,97703,311,53,2019-05-20T02:08:27Z
93,악인전,-qJlClh_8JA,악인전 영화,악인전 시사회 무대인사에 난입을 하고야 말았습니다!!  (마동석X홍지승),64000,1024,306,2019-05-15T07:00:00Z
94,악인전,zciQR9R4VCY,악인전 영화,작품성과는 1도 상관 없지만 볼만한 영화 - 악인전,28546,528,107,2019-05-21T00:00:06Z
95,악인전,4ve3CAF3yM0,악인전 영화,"&#39;악인전&#39; 세 배우, 무술 실력 뽐내기! 달리기, 복싱, 카포에라까지! [SBS 두시탈출 컬투쇼]",20739,367,31,2019-05-15T08:02:06Z
96,악인전,XkxX_GgPRKA,악인전 영화,[풀버전] [신작리뷰] 악인전 -스포주의,20392,9,1,2019-05-21T12:23:01Z
97,악인전,fX5AcHTX1yw,악인전 영화,영화 악인전 후기,15888,37,40,2019-05-15T14:20:49Z
98,악인전,PHWT85wusrE,악인전 리뷰,악인전패러디🤣유튜버에게 공짜로 리뷰요청하는법,15092,499,248,2019-05-28T11:48:19Z
99,악인전,sr8ooBC0f_k,악인전 리뷰,[부부로그💑] 술친구 송송부부 | 일상vlog / 악인전 리뷰 / 쏭냥,12585,327,77,2019-05-26T12:33:22Z
100,알리타: 배틀 엔젤,hsnYsYpV6aE,알리타: 배틀 엔젤 영화,인터뷰하면서 1++한우 8인분 순삭해버린 알리타 배우 + 감독?! (너무 좋아함ㅋㅋㅋ),9138115,112114,6391,2019-02-06T12:37:24Z
101,알리타: 배틀 엔젤,hjl-9S50VrE,알리타: 배틀 엔젤 영화,"알리타, 이 영화 수위의 상태가..? (잔인쓰..)",352775,2596,1224,2019-02-06T00:25:57Z
102,알리타: 배틀 엔젤,dn3rCbIhuR0,알리타: 배틀 엔젤 영화,"300년만에 눈을 뜬 최강의 전투 생명체, 알리타 배틀엔젤 리뷰, 후속편",299479,2407,586,2019-02-16T01:01:48Z
103,알리타: 배틀 엔젤,bG1OYAqncDs,알리타: 배틀 엔젤 영화,두아 리파 (Dua Lipa) - Swan Song (From &quot;알리타: 배틀 엔젤&quot;) 가사번역 by 영화번역가 황석희,251535,4378,281,2019-02-08T09:13:15Z
104,알리타: 배틀 엔젤,nDdBIkLcRK0,알리타: 배틀 엔젤 해석,알리타: 배틀엔젤 엔딩크레딧 OST (Alita: Battle Angel Ending Credit OST),179929,2670,127,2019-02-24T12:08:51Z
105,알리타: 배틀 엔젤,W2rhWucjEOQ,알리타: 배틀 엔젤 영화,"믿을 수 없는 기술력, 믿고 싶지 않은 스토리 - 알리타: 배틀 엔젤 리뷰",171945,1670,990,2019-02-10T01:15:00Z
106,알리타: 배틀 엔젤,hnzKbfWB8Mk,알리타: 배틀 엔젤 영화,원작 팬이 바라본 알리타 배틀엔젤 리뷰,166287,959,1061,2019-02-07T11:00:24Z
107,알리타: 배틀 엔젤,ipgliv28s5U,알리타: 배틀 엔젤 영화,[알리타: 배틀 엔젤] &#39;모터볼&#39; 비하인드 영상,125256,91,33,2019-02-14T05:29:32Z
108,알리타: 배틀 엔젤,vMHqmhfcNWE,알리타: 배틀 엔젤 영화,알리타: 배틀 엔젤 가이드 리뷰 by 발없는새,100318,1771,508,2019-02-12T13:30:02Z
109,알리타: 배틀 엔젤,f2sC4GZu00g,알리타: 배틀 엔젤 영화,진짜 개쩌는데 추천하기 어려운 영화 - 알리타:배틀 엔젤,83501,1040,479,2019-02-09T07:29:13Z
110,증인,XgHQjwIByqo,증인 영화,"정우성, 김향기의 첫만남 대사 live : 영화 &#39;증인&#39; GV 중에서 : 롯데시네마 월드타워 : 거절합니다",287152,4203,278,2019-02-13T17:15:04Z
111,증인,IbQE3bqnOz4,증인 영화,코감기 걸린 정우성을 예능으로 살려내는 박지선 : 김향기 : 영화 &#39;증인&#39; GV 중에서 : 롯데시네마 월드타워,138303,1197,68,2019-02-14T06:39:51Z
112,증인,8h0lQtkxJlI,증인 영화,[증인] 역대급 평점의 진실 증거 영상,137671,1259,168,2019-02-20T02:36:14Z
113,증인,oCtQ3L_oRrY,증인 영화,갓우성과 귀요미 향기가 나만을 위한 시사회를 열어준다면?🤭| 딩고무비 | 특별한 시사회 | 영화 증인 | 정우성 | 김향기,135864,1662,263,2019-02-13T11:00:10Z
114,증인,OwFI_aAgjl4,증인 영화,너무나 착하고 따뜻해서 더 아쉬운 영화: 증인 리뷰,98842,1001,277,2019-02-15T15:30:00Z
115,증인,cOSODJI64z4,증인 영화,착한 영화는 재미없다? 정우성x김향기가 깬 편견!! [증인],58336,495,70,2019-02-26T09:30:17Z
116,증인,IRJj1WO7kQE,증인 영화,영화 속 파란 젤리의 비밀 : 정우성 빵터지게 한 감독님 : 영화 &#39;증인&#39; GV 중에서 : 롯데시네마 월드타워,52937,573,44,2019-02-13T17:58:23Z
117,증인,5qq8Pb8o7tg,증인 영화,정우성 팬들한태 하는 인성 클라스 !! 꼭보세요 !!!! #정우성 #영화증인,40031,237,51,2019-02-20T15:17:16Z
118,증인,E-lolXZIhs4,증인 영화,"본인 개코원숭이 짤을 본 정우성의 반응 : 김향기, 박지선 : 영화 &#39;증인&#39; GV 중에서 : 롯데시네마 월드타워",16899,222,11,2019-02-14T06:12:00Z
119,증인,MjRM3KD3mzM,증인 영화,영화 『증인』무대인사 정우성&amp;김향기 키차이봐!!,16589,148,27,2019-03-13T23:08:46Z
120,타짜: 원 아이드 잭,LtHuvUiqAls,타짜: 원 아이드 잭 영화,역대 최악의 타짜 영화. 올 추석 대표 졸작 - 타짜: 원 아이드 잭 리뷰,1477515,7913,3265,2019-09-14T11:00:05Z
121,타짜: 원 아이드 잭,uvVuRziAPm8,타짜: 원 아이드 잭 리뷰,타짜1을 기억하는 사람들에게 타짜3가 졸작인 이유,826126,2901,1165,2019-09-20T08:47:15Z
122,타짜: 원 아이드 잭,mueFS0qccLo,타짜: 원 아이드 잭 영화,타짜: 원 아이드 잭 가이드 리뷰,341275,2433,1122,2019-09-13T09:00:07Z
123,타짜: 원 아이드 잭,XrUTaZKfgoU,타짜: 원 아이드 잭 영화,"최악의 도박영화, 타짜: 원 아이드 잭의 문제는 캐릭터다!",314406,933,426,2019-09-17T06:38:09Z
124,타짜: 원 아이드 잭,N4szh43Lcvo,타짜: 원 아이드 잭 영화,타짜3편이 흥할 수 없는 결정적 이유 (타짜3: 원아이드잭 스포 리뷰),144914,481,363,2019-09-11T05:38:41Z
125,타짜: 원 아이드 잭,8wjw3I1pj0Y,타짜: 원 아이드 잭 영화,광수의 모든 것을 걸은 영화 타짜 원 아이드 잭,93670,258,49,2019-09-16T00:47:04Z
126,타짜: 원 아이드 잭,xgJcqHCUp5g,타짜: 원 아이드 잭 영화,[타짜3원아이드잭리뷰]타짜 4는 안나오겠지? 생각 없이 쓴 각본이 만들어낸 참극/스포o,55280,173,234,2019-09-11T14:07:01Z
127,타짜: 원 아이드 잭,EytYIBS6ums,타짜: 원 아이드 잭 영화,가문의 영광 시리즈 만큼 존재감 없어짐 - 타짜 : 원 아이드 잭,51435,828,159,2019-09-23T19:00:43Z
128,타짜: 원 아이드 잭,ffV6Ra-UvDY,타짜: 원 아이드 잭 영화,영화 [타짜 : 원 아이드 잭] 리뷰,39535,99,117,2019-09-11T12:30:14Z
129,타짜: 원 아이드 잭,ak746MDGy58,타짜: 원 아이드 잭 영화,배우들도 캐리하지 못한 영화가 나왔습니다 - 타짜:원 아이드 잭 리뷰,36650,205,72,2019-09-13T10:58:10Z
130,터미네이터: 다크 페이트,yPuSkhGCanQ,터미네이터: 다크 페이트 영화,Sculpting Realistic Battle Damaged Terminator(T-800) Sculpture Timelapse - Dark fate Movie,2277807,54666,2392,2019-11-05T00:30:11Z
131,터미네이터: 다크 페이트,dgL58T63C5A,터미네이터: 다크 페이트 리뷰,[터미네이터: 다크 페이트] 관객 리뷰 영상,229678,187,85,2019-10-31T03:02:33Z
132,터미네이터: 다크 페이트,UUT6j0hJfZU,터미네이터: 다크 페이트 영화,터미네이터 다크페이트가 실망스러운 이유 [스포리뷰],207452,2035,1329,2019-11-02T13:59:41Z
133,터미네이터: 다크 페이트,jawyL0snyjU,터미네이터: 다크 페이트 영화,다크 페이트에서 존 코너가 그렇게 된 이유,199271,1913,714,2019-11-10T03:30:31Z
134,터미네이터: 다크 페이트,5WQZM78eGpk,터미네이터: 다크 페이트 영화,터미네이터: 다크 페이트 가이드 리뷰,196946,2711,1682,2019-11-02T09:00:00Z
135,터미네이터: 다크 페이트,j_13slAOO6k,터미네이터: 다크 페이트 영화,"터미네이터 다크 페이트 리뷰 (감독 친필 싸인 피규어 이벤트, 스포 포함)",176513,2731,1230,2019-10-30T09:27:08Z
136,터미네이터: 다크 페이트,-kNzfvM4dGA,터미네이터: 다크 페이트 리뷰,【브롤스타즈】 스토리리뷰 102화 &quot;터미네이터 : 다크페이트 #2&quot; 【시엘 브롤】,153875,1708,445,2019-11-02T06:00:02Z
137,터미네이터: 다크 페이트,QFBbDjJIleU,터미네이터: 다크 페이트 리뷰,【브롤스타즈】 스토리리뷰 101화 &quot;터미네이터 : 다크페이트 #1&quot; 【시엘 브롤】,134702,1640,461,2019-11-01T06:00:00Z
138,터미네이터: 다크 페이트,61Y6G8M6QsQ,터미네이터: 다크 페이트 영화,자신의 얼굴에 똥칠하고도 폭망한 제임스 카메론,131103,2610,823,2019-11-25T10:00:01Z
139,터미네이터: 다크 페이트,8KjnAvJl0Pk,터미네이터: 다크 페이트 리뷰,"(시리즈요약) 인간을 노예로삼은 미래의 기계들ㅣ터미네이터 1부ㅣ(영화리뷰,결말포함)",124537,802,170,2019-11-22T09:25:40Z
140,82년생 김지영,U76G-P-lfcI,82년생 김지영 영화,미경언니가 82년생 김지영을 보고 울지 않았던 이유! - 미경언니의 따끈따끈 독설,697132,12363,2430,2019-11-05T13:00:08Z
141,82년생 김지영,ZKyxqfXXNlI,82년생 김지영 영화,"82년생 김지영 영화, 현재 최대 피해자",682222,12295,2940,2019-10-26T00:13:33Z
142,82년생 김지영,ovW7X4_CuaI,82년생 김지영 영화,인성 무삭제]82년생 김지영을 보고 양심고백합니다,542019,22992,4148,2019-11-16T11:00:15Z
143,82년생 김지영,lRqQQtafHbI,82년생 김지영 영화,"‘82년생 김지영’, 가장 놀라운 장면과 가장 울컥한 장면(스포일러 주의!!)",477112,3781,2690,2019-10-24T10:53:21Z
144,82년생 김지영,jpAasWsfm6I,82년생 김지영 영화,소설의 한계를 극복한 화제의 영화: 82년생 김지영 리뷰,255765,4126,3708,2019-10-25T13:30:02Z
145,82년생 김지영,P9jRtN6gVPA,82년생 김지영 영화,82년생 김지영 남편 공유의 입장에서 생각해봤습니다 - 미경언니의 따끈따끈 독설,225503,5454,967,2019-11-18T13:00:05Z
146,82년생 김지영,GmYXxnR0-Yo,82년생 김지영 영화,"박스오피스 1위 &#39;82년생 김지영&#39;. 해외 반응 총정리 (feat. 일본, 타이완, 중국) / 스브스뉴스",219279,5403,5327,2019-10-27T02:00:00Z
147,82년생 김지영,Fo_igWHAdEA,82년생 김지영 영화,영화 &#39;82년생 김지영&#39; 리뷰,215540,5567,802,2019-10-25T06:00:17Z
148,82년생 김지영,5rd_jyPfUWI,82년생 김지영 영화,82년생 김지영 영화 직접 본 솔직 리뷰,208775,4555,1362,2019-10-24T12:10:33Z
149,82년생 김지영,5UYSerdR9Sc,82년생 김지영 영화,이 시점에 나타난 82년생 김지영의 가치와 의의,199192,5692,1711,2019-10-27T12:39:14Z
150,극한직업,YcMZZ3sjfxk,극한직업 영화,"극한직업, 닭으로 닥치고 천만 찍어버릴 영화!",1718827,9951,1846,2019-02-02T01:01:58Z
151,극한직업,7DRDMuMdxVY,극한직업 영화,극한직업 수원왕갈비통닭을 먹었습니다.맛상무,893275,4965,1309,2019-02-10T05:45:02Z
152,극한직업,8iQg4napg90,극한직업 영화,영화 &quot;극한직업&quot;의  촬영 비하인드 스토리,874344,6357,1812,2019-02-03T05:19:01Z
153,극한직업,jFd1X9j_9Os,극한직업 영화,명절 개봉영화의 역사를 새로쓰는 영화 : &#39;극한직업&#39;리뷰,776131,2883,578,2019-01-31T13:02:53Z
154,극한직업,-iHkdgvLBlY,극한직업 영화,웃다 지린다고 소문난 극한직업 보고 만든 웃긴 영화 볼 때 갑분싸 유형ㅋㅋㅋㅋㅋㅋㅋㅋ,632532,10512,1410,2019-01-25T08:46:13Z
155,극한직업,jGGPZKekX0s,극한직업 영화,영화에 나온 치킨을 직접만들어서 친구에게 줬더니 반응이 ㅋㅋㅋㅋㅋ (극한직업 수원왕갈비통닭 만들기 ㅋㅋㅋㅋ),534181,8022,2899,2019-02-03T03:02:00Z
156,극한직업,PwefBCv1sp8,극한직업 영화,치킨 장사 대박난 마약반 형사들의 어정쩡한 코미디: 극한직업 리뷰,282719,2012,1511,2019-01-25T15:58:45Z
157,극한직업,180SxIGYvjk,극한직업 영화,에어프라이어로 수원왕갈비통닭 만들어봤어요! #극한직업 #영화속음식 #ASMR : Korean Fried Chicken with Soy Sauce [아내의 식탁],196307,5140,119,2019-02-21T08:00:00Z
158,극한직업,e1M8NOBCfnk,극한직업 영화,니블마마 치킨집 오픈?? 영화 극한직업 꿀잼 상황극~! 지금까지 이런맛은 없었다! 수원 왕갈비 통닭 먹방~!,131767,1612,531,2019-02-09T00:00:07Z
159,극한직업,U6oodeFrOtk,극한직업 리뷰,올해는 믿고 보는 류승룡 가즈아 - 극한직업,129375,1486,334,2019-01-26T11:15:01Z
160,나쁜 녀석들: 더 무비,8qROF7VtUQE,나쁜 녀석들: 더 무비 영화,"[#뭅뭅픽] 누군가는 겪었을 이야기, 국제시장 속 명장면 명대사 모음",2054209,14503,3582,2019-09-13T01:00:02Z
161,나쁜 녀석들: 더 무비,6yzjoR91LKQ,나쁜 녀석들: 더 무비 영화,[나쁜녀석들] 형한테 혼나볼래? 美친개의 시작 마동석X김상중 레전드 하이라이트 모음zip | Bad guys,1048847,2879,299,2019-09-11T01:00:00Z
162,나쁜 녀석들: 더 무비,Nj9FuZjZi0A,나쁜 녀석들: 더 무비 영화,[나쁜 녀석들: 더 무비]  300만 관객돌파! _리뷰 30초스팟,459098,29,2,2019-09-11T02:17:35Z
163,나쁜 녀석들: 더 무비,Vn6c5rafSTs,나쁜 녀석들: 더 무비 영화,원작 드라마만도 못한 긴장감의 김빠진 케이퍼 무비 - 나쁜 녀석들: 더 무비 리뷰,267909,1855,693,2019-09-13T13:00:07Z
164,나쁜 녀석들: 더 무비,nxZdj4c_94c,나쁜 녀석들: 더 무비 영화,드라마 &#39;나쁜 녀석들&#39; 시즌1 요약정리 [줄거리 알려줌] &#39;나쁜 녀석들: 더 무비&#39; 편,107074,664,89,2019-09-11T08:14:25Z
165,나쁜 녀석들: 더 무비,xQ3YiZh7LfA,나쁜 녀석들: 더 무비 영화,영화 [나쁜 녀석들 - 더 무비] 리뷰,66929,216,82,2019-09-11T13:00:11Z
166,나쁜 녀석들: 더 무비,LnAs2W7tI3k,나쁜 녀석들: 더 무비 영화,"[속보] 추석 연휴, CGV 흥행주의보 발령!! 씨네캐스터가 추석 라인업 한 방에 싹 정리해드립니다 :) [무비TMI]",39909,191,16,2019-09-11T03:05:33Z
167,나쁜 녀석들: 더 무비,QIxv4BEIol8,나쁜 녀석들: 더 무비 영화,세상에서 제일 신박한 아재개그를 들어벌임.mov (기용이 오열) [저세상인터뷰],22097,447,49,2019-09-16T10:00:03Z
168,나쁜 녀석들: 더 무비,jF_pHmjL24A,나쁜 녀석들: 더 무비 영화,팬 싸인회 했다가 손목 부러지는줄 알았습니다...,21799,565,57,2019-10-07T08:01:44Z
169,나쁜 녀석들: 더 무비,ag6pfGCh5uQ,나쁜 녀석들: 더 무비 영화,그게 칭찬이 아닙니다 - 나쁜 녀석들 : 더 무비,16524,440,80,2019-09-25T00:00:01Z
170,라이온 킹,R72qEKwfmWw,라이온 킹 영화,영화 보는 유형ㅋㅋㅋ,4590510,30416,8584,2019-08-08T23:41:31Z
171,라이온 킹,FsBTfHbYp_E,라이온 킹 영화,[라이온 킹 2019 OST] Circle of Life 한글/가사/해석,1118769,6309,415,2019-07-21T13:28:45Z
172,라이온 킹,5MXOz-Bp__8,라이온 킹 영화,아니 이걸 왜 빼냐고! 라이온킹 원작 실사 차이점 12가지 총정리,914163,6009,1396,2019-07-20T12:23:43Z
173,라이온 킹,COQYzW7hqFs,라이온 킹 영화,라이온 킹 2019 OST🦁 Can You Feel the Love Tonight -Beyoncé비욘세/Donald Glover도날드 글로버/가사해석/발음,472174,3260,244,2019-07-20T17:27:59Z
174,라이온 킹,xMhjT9nIlG0,라이온 킹 영화,라이온킹(2019)가 라이온킹(1994)를 본 사람들에겐 노잼인 이유,451132,4465,1643,2019-07-17T09:44:29Z
175,라이온 킹,_Fe1KEQ1f1U,라이온 킹 영화,[라이온 킹] 클래식 리뷰 스팟,415801,43,3,2019-07-24T07:07:09Z
176,라이온 킹,EgqQSuwYpA0,라이온 킹 영화,[명장면 다시 보기] 라이온 킹 - Hakuna Matata (한영 자막),364690,0,170,2019-07-17T17:12:04Z
177,라이온 킹,QyfX4dpnnKM,라이온 킹 영화,표정도 감정도 느낄 수 없어서 정말 아쉬운 라이온킹 실사판,361211,2666,1325,2019-07-18T10:21:18Z
178,라이온 킹,V0RA-Wps_wY,라이온 킹 영화,라이온 킹 2019 OST🦁 Hakuna Matata(하쿠나 마타타) [한국어 가사 해석/자막/번역/lyrics],358527,1595,117,2019-08-01T12:07:00Z
179,라이온 킹,TAy9zPXuY3Q,라이온 킹 영화,[라이온 킹] 비욘세 &#39;Spirit&#39; 리뷰 스팟,263435,39,2,2019-07-25T03:36:36Z
180,봉오동 전투,-_V4WxObh48,봉오동 전투 영화,"애국심 장사, 그 얄팍한 계산으로 만들어낸 지루하고 허술한 졸작: 봉오동 전투 리뷰",410870,7715,4526,2019-08-10T11:30:00Z
181,봉오동 전투,-nZgYRcj5XA,봉오동 전투 영화,[영화TALK] NO 봉오동 전투! 절대로 보지 마세요!,319202,12077,6637,2019-08-08T02:44:15Z
182,봉오동 전투,1SNnrMrnkkA,봉오동 전투 영화,홍보는 OK! 비판은 NO? 쇼박스의 봉오동 전투 비판 리뷰 검열 사태,312105,12169,2048,2019-08-18T05:00:12Z
183,봉오동 전투,C-NwB_3fYws,봉오동 전투 리뷰,[봉오동 전투] 관객 리뷰 영상,131832,27,10,2019-08-09T07:16:47Z
184,봉오동 전투,3cLCIAqEcFY,봉오동 전투 영화,봉오동 전투를 봤더니 엑시트를 칭찬하고 싶어졌다.,103029,2321,1055,2019-08-11T10:15:15Z
185,봉오동 전투,WvKLsUrXZqs,봉오동 전투 영화,"엑시트 대박, 일본 애니메이션은 쪽박! 봉오동 전투와 김복동 개봉 등: 8월 첫째 주 영화계 소식",44553,757,237,2019-08-07T11:30:00Z
186,봉오동 전투,MGRdWdtPqDI,봉오동 전투 영화,이시국 씨가 이 영화를 좋아하니까요 - 봉오동 전투,42831,1022,295,2019-08-12T00:00:01Z
187,봉오동 전투,IVt03z7YjL0,봉오동 전투 영화,"무영보bros 극장가다(56) 봉오동전투 - 글로 배운 역사, 비로소 사무치다",39819,134,17,2019-08-28T10:19:50Z
188,봉오동 전투,EnUVCHKgeMA,봉오동 전투 리뷰,배우가 알려주는 유해진의 풀 스토리 / [배우 리뷰],35745,499,135,2019-08-09T10:02:07Z
189,봉오동 전투,EGWa609zx6k,봉오동 전투 영화,The Battle: Roar to Victory (2019) 봉오동 전투 Movie Review | EONTALK,22180,241,33,2019-08-21T05:28:18Z
190,분노의 질주: 홉스&쇼,XZEPXeL8yxM,분노의 질주: 홉스&쇼 영화,드웨인존슨 앞에서 덩치로 깝치면 벌어지는 일 (황석희 등장),1356896,7286,710,2019-08-22T09:16:40Z
191,분노의 질주: 홉스&쇼,0jytjkUZUMw,분노의 질주: 홉스&쇼 영화,분노의 질주: 홉스&amp;쇼(2019) OST : Better as One.FLAC / Hobbs &amp; Shaw(2019) OST,105627,509,14,2019-08-16T08:24:36Z
192,분노의 질주: 홉스&쇼,cKhdU-cPI2g,분노의 질주: 홉스&쇼 영화,[분노의 질주: 홉스&amp;쇼] 파이널 예고편,103076,78,16,2019-08-14T01:05:30Z
193,분노의 질주: 홉스&쇼,_nUjA8bQ8gQ,분노의 질주: 홉스&쇼 영화,[분노의 질주: 홉스&amp;쇼] 환상의 콤비 예고편,91228,31,2,2019-08-14T08:32:44Z
194,분노의 질주: 홉스&쇼,m3y_OfCyA_Y,분노의 질주: 홉스&쇼 영화,분노의 질주 &#39;홉스&amp;쇼&#39; 솔직 리뷰 (드립이 데드풀 뺨치는 영화),89283,1522,1240,2019-08-14T10:38:18Z
195,분노의 질주: 홉스&쇼,Q1Pb1FSWtfY,분노의 질주: 홉스&쇼 영화,분노의 질주: 홉스&amp;쇼(2019) OST : I&#39;m Comin&#39; Home.FLAC / Hobbs &amp; Shaw(2019) OST,86784,436,17,2019-08-16T08:30:26Z
196,분노의 질주: 홉스&쇼,JDxa4fOI2hw,분노의 질주: 홉스&쇼 영화,분노의 질주: 홉스 앤 쇼 가이드 리뷰 by 발없는새,83346,1669,291,2019-08-16T14:54:01Z
197,분노의 질주: 홉스&쇼,M1f_cvW9eEc,분노의 질주: 홉스&쇼 영화,분노도 없고 질주도 없고 재미도 없는데 지루하고 베끼기만 하고: 분노의 질주 홉스&amp;쇼 리뷰,76597,1104,448,2019-08-18T02:00:01Z
198,분노의 질주: 홉스&쇼,ASCS6PO5tyI,분노의 질주: 홉스&쇼 영화,[분노의 질주 홉스앤쇼 OST] YUNGBLUD - Time in a bottle [자막],61097,626,33,2019-08-19T01:29:10Z
199,분노의 질주: 홉스&쇼,pPL9S8XZSLk,분노의 질주: 홉스&쇼 영화,&#39;분노의 질주: 홉스 &amp; 쇼&#39; 관람 전에 꼭 보세요! 시리즈 주요 인물과 세계관 정리,41991,1420,140,2019-08-15T11:00:07Z
200,스파이더맨: 파 프롬 홈,k0yCHl4yW7Y,스파이더맨: 파 프롬 홈 영화,스파이더 맨 &#39;파 프롬 홈&#39; 쿠키 영상에 숨겨진 비밀들 (솔직 감상 후기),1374952,12064,3422,2019-07-02T10:30:06Z
201,스파이더맨: 파 프롬 홈,H6uaL5EO0M8,스파이더맨: 파 프롬 홈 영화,[SPOILER] MEAN Spiderman : Far From Home  파프롬홈 개그릴,1108029,34440,1608,2019-07-24T08:45:55Z
202,스파이더맨: 파 프롬 홈,xuE94VS2kp4,스파이더맨: 파 프롬 홈 영화,한 번 봐서는 알 수 없는 스파이더맨 파 프롬 홈 19가지 포인트,840783,6807,696,2019-07-11T01:00:05Z
203,스파이더맨: 파 프롬 홈,cFY_OyQS1dI,스파이더맨: 파 프롬 홈 영화,완전 멋있어진 파프롬홈 스파이더맨! 티어3 만들기  [퓨처 파이트],763992,3976,773,2019-07-09T06:18:59Z
204,스파이더맨: 파 프롬 홈,G1wP5dCV4PY,스파이더맨: 파 프롬 홈 영화,"스파이더맨 파 프롬 홈, 쿠키 떡밥풀이",496777,3543,864,2019-07-02T01:54:24Z
205,스파이더맨: 파 프롬 홈,A8LHNg85ooU,스파이더맨: 파 프롬 홈 해석,[스파이더맨: 홈커밍] 당신이 모르는 숨겨진 비밀,442652,3580,228,2019-07-02T11:06:53Z
206,스파이더맨: 파 프롬 홈,qwlolOGw1DI,스파이더맨: 파 프롬 홈 영화,"스파이더맨 파 프롬 홈, 전작의 떡밥, 포인트, 쿠키 해석",415514,4652,1036,2019-07-02T11:02:59Z
207,스파이더맨: 파 프롬 홈,AmO4eYW9Sh8,스파이더맨: 파 프롬 홈 영화,스파이더맨: 파 프롬 홈의 쿠키영상에 대해 알려주마,368657,3176,624,2019-07-04T10:00:01Z
208,스파이더맨: 파 프롬 홈,nTM-u3C89w0,스파이더맨: 파 프롬 홈 영화,‘스파이더맨 : 파 프롬 홈’ 충격 엔딩과 쿠키의 전말 (스포),333500,2426,388,2019-07-02T04:57:20Z
209,스파이더맨: 파 프롬 홈,nhXlb-QFbyQ,스파이더맨: 파 프롬 홈 영화,마블의 소니 인수 각? 스파이더맨 파프롬홈 쿠키 분석!,332085,2945,678,2019-07-07T08:18:13Z
210,어벤져스: 엔드게임,9z4ZR68bcAQ,어벤져스: 엔드게임 영화,역대 마블시리즈.. 어벤져스 G렸던 순간들《1부》,6386480,35655,5405,2019-04-24T09:46:25Z
211,어벤져스: 엔드게임,HSHI1nlZF4k,어벤져스: 엔드게임 영화,[*SPOILER*]Avengers : Endgame gag reel  어벤저스 엔드게임 개그릴,4479965,121576,3586,2019-05-16T10:04:24Z
212,어벤져스: 엔드게임,fg9MQ8lIoX4,어벤져스: 엔드게임 영화,(2탄)마블 덕후들의 숨막히는 마블 덕후 증명 대결 ㅋㅋㅋ(어벤져스 엔드게임),3662880,29897,2407,2019-05-15T08:34:22Z
213,어벤져스: 엔드게임,5RnI2wVQaF0,어벤져스: 엔드게임 영화,어벤져스 엔드게임이 남긴 떡밥 14개 총정리,3194999,25325,7709,2019-04-24T08:30:00Z
214,어벤져스: 엔드게임,IuRJRWknRTA,어벤져스: 엔드게임 영화,어벤져스 엔드게임 아껴보려던 형 따라다니면서 스포해버리기ㅋㅋㅋㅋㅋ,2461584,24109,2758,2019-05-12T06:13:03Z
215,어벤져스: 엔드게임,5IqR6b-MexQ,어벤져스: 엔드게임 해석,엔드게임 1회차 관람자는 절대 발견할 수 없는 장면들 디테일 (소름 유발 영상),2324765,18826,3641,2019-04-28T09:23:29Z
216,어벤져스: 엔드게임,nlr5pbjvJ9I,어벤져스: 엔드게임 영화,★★더블비 어벤져스 엔드게임(Avengers: Endgame) 마블 히어로 패러디 모음집★★,2185198,17740,2156,2019-05-03T08:30:00Z
217,어벤져스: 엔드게임,YNJ4Tc9qD4w,어벤져스: 엔드게임 리뷰,(스포)엔드게임에서 타노스가 무서워한 영웅은 따로 있었다? ㄷㄷ;;,1976017,13184,4314,2019-04-26T10:08:30Z
218,어벤져스: 엔드게임,yQyTdZiNugY,어벤져스: 엔드게임 영화,어벤져스 엔드게임 정리 및 강력한 다음 빌런(최고의 명장면 명대사?),1904995,9651,6111,2019-04-25T05:23:30Z
219,어벤져스: 엔드게임,1XMtutT1-kE,어벤져스: 엔드게임 영화,어벤져스 엔드게임 삭제 장면 총정리,1898864,14679,1436,2019-05-12T01:00:00Z
220,엑시트,Uww7Gu6-OE4,엑시트 영화,슈퍼히어로 (영화 엑시트 삽입곡) SUPER HERO (EXIT OST Ver.),944288,6595,564,2019-07-31T03:10:04Z
221,엑시트,_oetCaEBf_s,엑시트 영화,"실감나서 넘 웃긴 &#39;사람 살려주세요&#39; Live : 조정석, 윤아, 유수빈, 배유람 Rescue request : 영화 &#39;엑시트&#39; 700만 땡큐 쇼케이스 : 롯데시네마 시네파크",719365,9941,441,2019-08-15T03:21:35Z
222,엑시트,QnCP8TrTxag,엑시트 영화,엑시트가 깨부셔버린 기존 재난 영화의 9가지 클리셰,562772,7710,1511,2019-08-02T12:03:55Z
223,엑시트,opPFWdpCO8c,엑시트 영화,[엑시트 엔딩곡 OST] 슈퍼히어로 M/V,399328,4290,735,2019-08-06T05:01:44Z
224,엑시트,8V_eefVMZBY,엑시트 영화,"[ENG] 웃겨서 고통받는 윤아 와 조정석 (MC 박지선) YoonA(SNSD), Jo Jung Suk, painful and funny : 영화 엑시트 라이브챗 GV",353844,3248,200,2019-08-01T10:31:56Z
225,엑시트,5MSlOsPICNI,엑시트 영화,"18만 유튜버 라이너와 &#39;엑시트&#39; 토론하다 빡친 영화 평론가, 최후의 카드 꺼내들다?!ㅣ정영진 최욱의 매불쇼",304566,4176,620,2019-08-08T10:00:29Z
226,엑시트,9ZuRhI5qSxY,엑시트 영화,엑시트 명장면,271046,2341,266,2019-08-03T14:44:50Z
227,엑시트,eEivM-rCUZ0,엑시트 영화,영화 기생충 아줌마 똑같이 따라하는 태연 &amp; 엑시트 용남 (조정석) 참치 회사 취직 소식을 들은 태연,212534,2104,101,2019-08-20T14:24:06Z
228,엑시트,e7EIZgf_wx8,엑시트 영화,“따따따~” &#39;엑시트&#39; SOS 구조신호 - 모스 부호 (feat.임윤아 Yoona),193112,1588,342,2019-07-31T07:23:16Z
229,엑시트,PgJ_0BFtjxE,엑시트 영화,&#39;엑시트&#39; &#39;슈퍼히어로&#39; 뮤직비디오,123508,1914,245,2019-08-02T05:27:55Z
230,조커,xYqUpl6kg6Q,조커 영화,한국인들이 이해할 수 없었던 조커의 개그,2325359,26942,2212,2019-10-12T03:35:17Z
231,조커,O_Sf5eKqSro,조커 영화,(강스포)쓰레기 같은 건 당신들의 역겨운 이중잣대 아닐까요? 조커 해석/번역/논란 총정리 리뷰,1447075,21980,4978,2019-10-06T12:00:14Z
232,조커,e1DaHrqaqZ4,조커 영화,조커 춤이 애드립이라고? 호아킨 피닉스의 클라스 오짐 ㄷㄷ;;,1012716,7594,1163,2019-10-16T09:29:39Z
233,조커,t67mu8EwlDY,조커 영화,"조커 완전 분석 리뷰(모든 논란 정리, 감독의 의도 해석)",925675,9899,1002,2019-10-09T20:19:52Z
234,조커,UZ4CSK_n5Co,조커 영화,조커가 재차 증명한 DC와 마블의 차이,828337,6247,1779,2019-10-22T09:00:05Z
235,조커,-grz1c8Yexw,조커 의미,[조커]에 숨겨진 의미 5가지 총정리,817583,6159,2091,2019-10-03T07:49:58Z
236,조커,vCQmA22tw-w,조커 영화,조커의 계단춤이 지릴 수밖에 없는 이유! 당신이 모르는 조커 해석,788389,5304,1013,2019-10-08T11:11:08Z
237,조커,NNIfjYXmywE,조커 영화,영화 조커 1분 요약,767249,12433,1310,2019-10-10T09:00:03Z
238,조커,TIm-QOkb4XY,조커 영화,세상을 향한 이 광대의 비웃음이 처절하게 느껴지는 이유...: 조커 리뷰,699095,8395,2675,2019-10-02T15:00:06Z
239,조커,hzEwALhrG0g,조커 해석,당신이 놓친 조커 속 담겨있던 15가지 디테일,693487,5417,854,2019-10-12T01:00:03Z
240,캡틴 마블,Io0F4Qi1Rvg,캡틴 마블 영화,어벤져스4를 예고한 캡틴마블 떡밥과 비하인드 총정리,1616483,12177,2539,2019-03-06T03:00:00Z
241,캡틴 마블,UIzDiV7Z5CA,캡틴 마블 영화,캡틴마블VS스크럴종족 숨막히는 추격전!!!! (박민규의 돈과 가방을 들고 튀어라!!!!!!ㅋㅋㅋㅋㅋ),1130962,12659,1876,2019-03-24T08:29:00Z
242,캡틴 마블,D7kOeRn3Dzo,캡틴 마블 영화,마블 &amp; DC 최고의 전투력을 지닌 최강 히어로 순위 Top 10 - 캡틴마블부터 슈퍼맨까지 !!,825359,3562,2022,2019-03-11T12:42:48Z
243,캡틴 마블,FWxfV5L_Uvc,캡틴 마블 영화,엔드게임 예고편을 보고 확신하게 되었습니다 (캡틴 마블 쿠키 영상의 의미),806437,6572,1886,2019-03-18T10:13:14Z
244,캡틴 마블,BLALlVsC1xI,캡틴 마블 영화,타노스조차 못막는다는 캡틴 마블의 파워,756580,1947,1540,2019-03-21T07:49:28Z
245,캡틴 마블,uqMb7uyCk18,캡틴 마블 영화,캡틴마블이 어벤져스4 에서 타노스를 물리칠 수 밖에 없는 이유 3가지 _ 캡틴마블 능력 떡밥,682979,2342,1470,2019-03-06T12:00:00Z
246,캡틴 마블,jRVp4i5AMM0,캡틴 마블 영화,자전차왕 엄복동보다 재미없다는(비꼼) &#39;그 영화&#39; 캡틴 마블 리뷰,628493,7291,2446,2019-03-16T02:38:03Z
247,캡틴 마블,AGnzd4Gnj54,캡틴 마블 영화,캡틴마블과 어벤져스4 엔드게임은 이렇게 이어진다! + 캡틴마블 쿠키영상 떡밥 총정리,618785,4288,1389,2019-03-06T04:28:47Z
248,캡틴 마블,-PrE4XC-oSs,캡틴 마블 영화,캡틴마블의 출연료에 대해｜아쉬운점이 많은 영화,606272,0,2635,2019-03-09T14:29:46Z
249,캡틴 마블,aJyRkpS3J-c,캡틴 마블 영화,&quot;캡틴마블&quot; 쿠키영상에 &quot;그 것&quot;이 등장한 이유,457917,2992,467,2019-03-11T15:47:08Z
250,토이 스토리 4,r6IwQBvZwI8,토이 스토리 4 영화,Making FORKY🌈 : Toy story4 / 토이스토리4 포키 만들기 ! 💫,1896779,10171,349,2019-06-21T00:00:06Z
251,토이 스토리 4,RGJHTemljiE,토이 스토리 4 영화,토이스토리4 귀요미 &#39;포키&#39; 만들어버리깈ㅋㅋㅋ (병맛) [꾹TV],901115,16044,3142,2019-06-30T00:15:00Z
252,토이 스토리 4,boP0bN2pYpY,토이 스토리 4 영화,장난감 러브스토리에 레알 감동한 현실 커플 | 빈지노 | 스테파니 미초바 | 딩고무비 | 토이 스토리 4 | 표정리뷰,816144,12848,585,2019-07-03T11:00:06Z
253,토이 스토리 4,TISlQavE5k0,토이 스토리 4 해석,토이스토리: Toy Story OST - You&#39;ve Got a Friend in Me [가사해석/번역],723444,11338,733,2019-06-24T00:32:17Z
254,토이 스토리 4,K9vNpm3KcEQ,토이 스토리 4 영화,&#39;토이스토리 4&#39;를 픽사가 9년이 지나서야 만든 이유,563130,6185,663,2019-06-23T19:22:27Z
255,토이 스토리 4,j7l9VyID2Pg,토이 스토리 4 리뷰,🌈디즈니 토이스토리4 포키만들기 세트🌈🥄,559015,6299,433,2019-07-10T03:10:52Z
256,토이 스토리 4,FOWpDvPgQTw,토이 스토리 4 영화,[장난감 탐구생활] 토이스토리4 펀코 미스터리 팩 서프라이즈 랜덤 뽑기!,497764,1779,0,2019-06-20T08:00:01Z
257,토이 스토리 4,jr6oPXAHe4k,토이 스토리 4 영화,[번외편] 토이스토리4 포키 만들기 / MAKING FORKY of TOYSTORY 4,464954,1484,0,2019-06-28T10:05:28Z
258,토이 스토리 4,1fOqy4Ye_Y8,토이 스토리 4 영화,엽떡 초보맛에 도전했다가 ㅠㅠ니블리 분들이랑 마피아 게임하고 토이스토리4 영화도 보고 간니는 조별과제하러 나간 주말일상 영상,367142,3925,629,2019-07-07T00:00:02Z
259,토이 스토리 4,xfMb4P-uMK4,토이 스토리 4 영화,[월간 다-꾸] 6월호: 왕초보용 영화 다이어리 꾸미는 법 feat. 토이스토리4! (부록: 여름 스티커 팩),360324,6961,325,2019-06-24T08:30:02Z
260,#살아있다,wm06nhjoAQ8,#살아있다 영화,"그냥 죽지 그랬냐, 좀비 속에서 먹방찍기... 살아있다 리뷰",1214881,14148,3485,2020-07-05T03:15:11Z
261,#살아있다,JbUo9nId6hA,#살아있다 영화,아.. 이건 아니잖아... 고민 없이 만든 한국형 좀비영화의 한계: #살아있다 리뷰,502061,5181,2076,2020-06-29T10:00:13Z
262,#살아있다,zBBuVe1tRwk,#살아있다 영화,#음악추천 Inni - Sail / 영화 살아있다 OST (alive Soundtrack),249380,10777,643,2020-06-29T14:22:40Z
263,#살아있다,LRE0y_0-b4E,#살아있다 영화,《살아있다》 개봉 첫날 7000원 내고 보고 왔습니다 (개봉 첫날 가장 빠른 리뷰),247838,2543,1096,2020-06-24T09:06:46Z
264,#살아있다,71w4EvqFydg,#살아있다 영화,#살아있다 OST - Sail,218969,5082,1041,2020-06-29T09:40:48Z
265,#살아있다,XOjUOkQPX_A,#살아있다 영화,[#살아있다] 생존자 케미 특별 영상,209467,1801,172,2020-07-08T09:00:10Z
266,#살아있다,X91urbAr_Zc,#살아있다 영화,『살아있다』 스포일러가 포함되어 있는 리뷰,128683,1642,654,2020-06-26T06:21:36Z
267,#살아있다,vvjku41900k,#살아있다 리뷰,#살아있다 가이드 리뷰,79119,1503,464,2020-06-26T10:00:21Z
268,#살아있다,BEqpGppnN0g,#살아있다 영화,#살아있다 예고편 해외 반응! 한국 좀비영화=꿀잼각?,58563,2023,239,2020-06-25T06:17:00Z
269,#살아있다,YzS9h3T2bXY,#살아있다 해석,"#살아있다 OST - Sail 1시간,끊김없음",47037,610,218,2020-06-30T07:25:32Z
270,1917,L_EZ-iupsiE,1917 영화,[1917 OST 한영가사] 병사들이 숲에서 부르던 노래/Jos Slovick - I Am a Poor Wayfaring Stranger,237812,4237,633,2020-02-23T05:44:41Z
271,1917,Exwtv6G7ulo,1917 영화,1917이 촬영에 쓴 몇 가지 속임수,174211,2281,333,2020-02-27T09:00:05Z
272,1917,xNviPjXjIDQ,1917 영화,1917 가이드 리뷰,145512,2166,582,2020-02-21T09:00:11Z
273,1917,Tqnd-e5BDxs,1917 영화,"죽음의 헤치는 나그네의 여정, 그 앞에 금빛 동산은 예비되었는가: 1917 리뷰",100104,1664,248,2020-03-18T05:00:14Z
274,1917,p_JBwaeOHsM,1917 영화,극장에서 안 보면 반드시 후회할 영화,55871,1068,433,2020-02-19T09:32:15Z
275,1917,P1YAHej7uyE,1917 영화,I Am a Poor Wayfaring Stranger (1917 ost) 한글 자막 번역 해석 가사,28480,358,75,2020-02-23T12:02:50Z
276,1917,_YKraQmDed8,1917 영화,떠오르는 전쟁영화 &#39;1917&#39; 비하인드 스토리 20가지ㅣ영화 추천 스포포함ㅣ최신영화 영화리뷰,14837,213,14,2020-02-20T02:00:02Z
277,1917,bZ1kXb95wvc,1917 영화,"카메라의, 카메라에 의한, 카메라를 위한 영화 1917 심층 리뷰 | 스포, 결말 포함 [무비썸126]",12169,202,25,2020-03-06T10:24:55Z
278,1917,0mLFvtZyNDs,1917 영화,영화 1917 리뷰 해석 / 스코필드는 왜 &#39;그것&#39;만 가지고 있었을까? #1917 #영화1917 #1917리뷰,9826,114,41,2020-02-19T16:16:50Z
279,1917,DnP-uCyWHds,1917 영화,영화 [1917] 리뷰,8892,92,35,2020-02-19T12:00:04Z
280,강철비2: 정상회담,URV2vcJkh00,강철비2: 정상회담 영화,강철비2 개봉기념 원작웹툰 [스틸레인3: 정상회담] 정주행은 카카오페이지에서😎,578599,0,47,2020-07-29T05:28:36Z
281,강철비2: 정상회담,_AbQJ3xSBbg,강철비2: 정상회담 영화,[강철비2: 정상회담] 강철 흥행 영상,369463,0,0,2020-08-04T08:17:30Z
282,강철비2: 정상회담,xqHbjmZTbII,강철비2: 정상회담 영화,"[영화공장] [3-4부] 200805 (수요일) 코로나19도 두렵지 않다! ‘강철비2’...4일만에 100만 돌파! (출연 정우성,윤성은,최광희)│김어준의 뉴스공장",286375,13128,919,2020-08-05T00:25:03Z
283,강철비2: 정상회담,s_yz5IjXepw,강철비2: 정상회담 리뷰,신파와 정치에 질린 자들을 위한 다만 악에서 구하소서 가이드 리뷰,279748,3350,985,2020-08-06T10:00:15Z
284,강철비2: 정상회담,CeBLSN94e2I,강철비2: 정상회담 영화,저... 여기 통일 환타지 국뽕 한 사발 시키신 분? 강철비 2: 정상회담 리뷰,262895,3448,2445,2020-08-04T09:00:11Z
285,강철비2: 정상회담,Bap8jLjqbPM,강철비2: 정상회담 영화,[광고] [ENG SUB] 유연석 셀카 사진 해명?! 자기 명대사를 들은 정우성의 반응은? (feat.공무원 전문(?) 곽도원) ｜정우성｜곽도원｜유연석｜강철비2: 정상회담,254868,4856,334,2020-07-31T09:00:06Z
286,강철비2: 정상회담,asZoGe_WHqk,강철비2: 정상회담 영화,강철비2의 폭망에서 한국영화가 얻어야 할 교훈,107147,3843,1042,2020-08-13T08:00:00Z
287,강철비2: 정상회담,6MwyXSqnImU,강철비2: 정상회담 영화,강철비 2: 정상회담 - 미리 보고 온 후기,91991,1716,784,2020-07-29T03:30:01Z
288,강철비2: 정상회담,4JsloznFacQ,강철비2: 정상회담 영화,미국은 ㅂㅅ만들고 북한은 미화한 영화라고?ㅋㅋ 정말 그럴까? 강철비2 리뷰,87405,1343,1812,2020-08-05T04:52:37Z
289,강철비2: 정상회담,vgX60nQfRRY,강철비2: 정상회담 영화,간신히 1편의 체면은 건진 강철비2: 정상회담 가이드 리뷰,87377,1544,1102,2020-07-30T10:00:15Z
290,걸캅스,b2yrc-9HqWs,걸캅스 영화,일망타진! 이 정도는 되어야 걸복동이지!: 걸캅스 리뷰,549904,7517,2641,2019-05-11T05:00:05Z
291,걸캅스,SBAWNcwn9-g,걸캅스 영화,걸복동이라 불릴만 했다 (걸캅스 네티즌 예상 얼마나 맞았을까?),341317,4565,1661,2019-05-09T08:32:22Z
292,걸캅스,KeC7YfVEfUs,걸캅스 영화,🔫 걸캅스에 대한 메피셜 트레일러 | 메탈킴,281350,6127,1265,2019-05-10T07:58:44Z
293,걸캅스,BRe8CKIt4o4,걸캅스 리뷰,걸캅스 네이버 평점 주작썰. 할거면 좀 안들키게 해라.,253939,5438,1133,2019-05-09T13:23:25Z
294,걸캅스,_qNxlTGphBo,걸캅스 영화,ㅋㅋ그분들도 노잼이니까 안 보는 거지 - 걸캅스,93704,2046,634,2019-05-20T00:00:03Z
295,걸캅스,sJWu5E68lAk,걸캅스 영화,(리뷰 전 간단한 후기) 어벤져스 대항마! 대한민국의 걸캅스가 간다!,56777,975,421,2019-05-10T13:18:35Z
296,걸캅스,fR0V66h8gUs,걸캅스 영화,&#39;걸캅스&#39; 2차 예고편,55810,475,26,2019-05-09T01:26:25Z
297,걸캅스,WurrQJGoEbU,걸캅스 영화,지금 영화 걸캅스는 이미 난장판 ㅋㅋ - 걸캅스 영혼보내기 운동 ??,35972,2886,381,2019-05-11T17:05:24Z
298,걸캅스,hhWQnrRfsv0,걸캅스 영화,[걸캅스] 꼭 보세요!! 두 번 보세요 세 번 보세요!⎜영화 신작 리뷰/추천,20081,1461,226,2019-05-13T11:00:09Z
299,걸캅스,4fv2lGjVLJ8,걸캅스 영화,"&#39;걸캅스&#39;, 과연 무엇이 문제인가?",19242,114,9,2019-05-12T14:38:08Z
300,결백,Rtyvobi1FNc,결백 영화,배우들은 좋은데...신파라니! 또 신파라니 이게 무슨 소리야...:결백 쇼킹한 리뷰,93543,1149,240,2020-06-18T12:00:10Z
301,결백,0pI-xpB8cf0,결백 영화,결백 보고 흥분한 진짜 변호사들! 진정하세요!: 고소한 영화읽기 10화,48871,803,87,2020-06-20T05:00:00Z
302,결백,fUwm5dg-HNM,결백 리뷰,결백 가이드 리뷰,33578,660,135,2020-06-12T10:00:25Z
303,결백,tXUo2ZlFUbA,결백 영화,"영화 [결백] 스포리뷰 _ “좋았던 이야기, 그걸 삼킨 반전”",19604,136,31,2020-06-11T14:28:11Z
304,결백,lYpKwZgg2G8,결백 영화,배우 신혜선 데뷔부터 주연이 되기까지 (영화 결백 주연),12010,221,31,2020-06-27T09:00:11Z
305,결백,3Sb4CXpqxko,결백 영화,『결백』 스포일러가 포함되어 있는 리뷰,7365,74,15,2020-06-12T17:00:26Z
306,결백,2lbF_9Bzq2k,결백 영화,"영화 리뷰 / [결백], Innocence",4829,35,20,2020-06-11T10:00:00Z
307,결백,6nN9NWy5C5g,결백 영화,꿀조합 결백한 만남 @ 배종옥 | 신혜선,4518,90,6,2020-06-21T15:08:53Z
308,결백,sxSCvl9ZKWU,결백 영화,[결백] ✨신혜선 성덕✨ 배우 홍경의 첫 영화 개봉 소감은?,4488,108,16,2020-07-03T22:45:01Z
309,결백,u6EvmRM7qX8,결백 영화,"결백 리뷰 [보자마자 알려줌] 농약 막걸리 살인자를 변호하는 딸, 연기가 살렸다",2436,36,10,2020-06-10T08:35:15Z
310,나의 특별한 형제,cECIiTMUylI,나의 특별한 형제 영화,특별한 소재로 만든 특별하지 못한 이야기: 나의 특별한 형제 리뷰,52054,630,131,2019-05-04T11:00:06Z
311,나의 특별한 형제,zymNZtYRNZs,나의 특별한 형제 리뷰,[나의 특별한 형제] 리뷰 30초 예고편(절찬상영중),44384,9,2,2019-05-07T07:30:02Z
312,나의 특별한 형제,J5mrCvqhBI0,나의 특별한 형제 영화,[나의 특별한 형제] 톡톡 관객 리뷰 영상,37931,11,0,2019-05-02T11:26:07Z
313,나의 특별한 형제,8Pn6H58rhfI,나의 특별한 형제 영화,"이광수 &#39;나의 특별한 형제&#39; 츄잉챗 @롯데시네마 월드타워, 190430 - 2",27054,0,4,2019-05-04T00:46:43Z
314,나의 특별한 형제,HpM86ujMmiU,나의 특별한 형제 영화,‘나의 특별한 형제’ 관람 전 필수!  롯데시네마 츄잉챗 하이라이트♥,17405,72,3,2019-05-07T08:00:01Z
315,나의 특별한 형제,M7o5fHwtmDk,나의 특별한 형제 영화,&#39;나의 특별한 형제&#39; 메이킹 영상 - 열연편,14501,191,8,2019-05-13T02:11:06Z
316,나의 특별한 형제,gTw5z_Epj1U,나의 특별한 형제 영화,나의 특별한 형제(2018) OST : Happy.FLAC (&quot;Inseparable Bros&quot; OST),13285,233,16,2019-05-03T16:12:36Z
317,나의 특별한 형제,nNso7ReC-_8,나의 특별한 형제 영화,나의 특별한 형제,11679,68,33,2019-05-02T01:30:00Z
318,나의 특별한 형제,3ER_4nagUEg,나의 특별한 형제 영화,[나의 특별한 형제 리뷰] 이 영화가 사람을 울리는 진짜 이유 (이광수는 배우였다),8188,69,13,2019-05-04T09:50:51Z
319,나의 특별한 형제,YDVPAu44300,나의 특별한 형제 영화,[나의 특별한 형제들] 로 돌아온 신하균! [연예가중계/Entertainment Weekly ]20190503,7686,223,13,2019-05-03T13:31:15Z
320,남산의 부장들,_52rxWm3fMY,남산의 부장들 영화,[제5공화국 라이브로 몰아보기] 9~16부 - 12.12에서 5.18까지 | ‘남산의 부장들’ 보기 전에 예습하자,1285234,5103,1002,2020-01-26T15:30:31Z
321,남산의 부장들,GnGdlLFq5Os,남산의 부장들 해석,MB뿐만 아니라 김재규 전문가라는 주진우의 10.26 명품해설 ※팝콘필수※,1089467,18006,2654,2020-02-09T15:06:28Z
322,남산의 부장들,fc_ioYd0lU8,남산의 부장들 영화,영화 &#39;남산의 부장들&#39; vs PD수첩,821738,7852,766,2020-02-11T08:18:31Z
323,남산의 부장들,qEJeQXrx6OU,남산의 부장들 영화,[영화] 남산의 부장들 명장면 - 이 벌레야! 너 왜 여기서 사람 흉내내,809654,3771,947,2020-02-19T05:14:23Z
324,남산의 부장들,MOToaMeA4TE,남산의 부장들 리뷰,[남산의 부장들] 리뷰 30초 예고편,411838,28,11,2020-01-29T09:37:45Z
325,남산의 부장들,rAzhcnKarNU,남산의 부장들 영화,&#39;남산의 부장들&#39; 실제 역사와 차이점 20가지 (*결말해석 역사리뷰 스포주의),356304,3741,1312,2020-01-22T10:00:00Z
326,남산의 부장들,et6PbkmWcBQ,남산의 부장들 영화,"[영화] 남산의 부장들 X 그때 그사람들 리뷰 : 1979년 그날, 심층 분석! (with 라이너)",267726,4893,885,2020-01-27T08:12:48Z
327,남산의 부장들,eGA7s-_WTdU,남산의 부장들 영화,[원작] 남산의 부장들 2부 : 중앙정보부는 어떤 일들을 벌였나?,259281,3640,277,2020-01-25T13:52:12Z
328,남산의 부장들,udzaqaFxX8E,남산의 부장들 의미,"남산의 부장들 김재규, 차지철, 김형욱ㅣ박정희 시대의 2인자들ㅣ한홍구TV",244847,7070,198,2020-02-03T07:52:29Z
329,남산의 부장들,CjQ9kgEwwtY,남산의 부장들 영화,&#39;남산의 부장들&#39; 은 총선용 선동영화다?,241294,3928,887,2020-02-04T05:30:18Z
330,다만 악에서 구하소서,cFvrKg04wQ4,다만 악에서 구하소서 영화,다만 악에서 구하소서 이정재로 롤하깈ㅋㅋㅋㅋ(Feat.엑스레이),2180227,15984,1053,2020-08-16T03:00:08Z
331,다만 악에서 구하소서,b95UEx0QP4A,다만 악에서 구하소서 영화,이렇게까지 하셨어야 했습니다. 다만 악에서 구하소서 리뷰,534742,5459,1898,2020-08-08T11:12:37Z
332,다만 악에서 구하소서,PuMcgtQru1o,다만 악에서 구하소서 영화,가장 힘들었던 촬영은? 이정재 박정민이 탈탈 털어놓은 ‘다만악’ 비하인드 (feat 빙고 &amp; 황정민 영상편지💌) | ‘다만 악에서 구하소서&#39;,482739,4804,525,2020-08-06T09:00:07Z
333,다만 악에서 구하소서,V1dZk3Pfexw,다만 악에서 구하소서 명장면,(ENG SUB)&#39;다만 악에서 구하소서&#39;  홍보하다가 갑작스런 황정민의 폭탄 발언! 이제 두 브라더의 우애는 끝!?,349634,1749,273,2020-08-06T09:00:06Z
334,다만 악에서 구하소서,s_yz5IjXepw,다만 악에서 구하소서 영화,신파와 정치에 질린 자들을 위한 다만 악에서 구하소서 가이드 리뷰,279748,3350,985,2020-08-06T10:00:15Z
335,다만 악에서 구하소서,--VJ0xM4lXg,다만 악에서 구하소서 영화,&#39;다만 악에서 구하소서&#39; 평론하다 맞짱 뜬 라이너와 전찬일 평론가! 그들이 불붙은 이유는? [시네마 지옥 - 8월 7일 금요일 라이브],259313,5113,747,2020-08-07T13:00:00Z
336,다만 악에서 구하소서,dY5v0hjHgyQ,다만 악에서 구하소서 영화,포장지만 그럴듯하게 꾸민 어쭙잖은 액션 영화: 다만 악에서 구하소서 리뷰,229306,2678,1286,2020-08-13T09:00:12Z
337,다만 악에서 구하소서,6AQCL73UbD4,다만 악에서 구하소서 영화,&quot;다만 롤 에서 구하소서&quot; -메인 예고편-Feat.다만 악에서 구하소서,186973,2218,262,2020-08-13T10:47:05Z
338,다만 악에서 구하소서,k-P8YCskhMc,다만 악에서 구하소서 리뷰,[일본반응] 일본에서 현재까지 인기인 영화 &#39;신세계&#39;,159821,1702,242,2020-08-11T08:45:03Z
339,다만 악에서 구하소서,Esua6p3_nM8,다만 악에서 구하소서 영화,올해 개봉한 한국 영화 중 최고! 극장에서 영화 볼 거면 무조건 이거 보세요,126212,1624,442,2020-08-06T08:54:32Z
340,닥터 두리틀,nIU16OklXNk,닥터 두리틀 영화,[닥터 두리틀] 로다주가 소개하는 &#39;닥터 두리틀&#39; 영상,160973,52,0,2020-01-17T07:01:34Z
341,닥터 두리틀,Oue9thQzg8U,닥터 두리틀 영화,"디즈니 공주가 되어버린 아이언맨, 닥터 두리틀 리뷰",148197,2870,620,2020-01-13T11:51:17Z
342,닥터 두리틀,XJXRu8Sk8A8,닥터 두리틀 영화,"아이언맨, 로다주가 아동용 영화를 찍어야했던 이유 (faet. Arirang은 고양이 내가 주인)",85873,1900,204,2020-01-26T03:15:11Z
343,닥터 두리틀,TRVFllYxbxs,닥터 두리틀 영화,"어린이를 위한 귀여운 동화, 로다주의 위태로운 도전: 닥터 두리틀(2020) 리뷰",49548,696,92,2020-01-27T13:30:12Z
344,닥터 두리틀,HOW2_FyxRN0,닥터 두리틀 영화,영화 [닥터 두리틀] 리뷰,48923,286,96,2020-01-09T12:00:07Z
345,닥터 두리틀,JTIIs8JhLfE,닥터 두리틀 영화,[닥터 두리틀] 로버트 다우니 주니어 감사 인사 영상,19810,1108,0,2020-01-14T06:05:31Z
346,닥터 두리틀,5hahgF8hbMs,닥터 두리틀 영화,"[닥터 두리틀 OST] 특별한 사람이 될거에요, Sia - Original (2020) [가사/해석/번역]",19612,360,41,2020-01-12T15:56:14Z
347,닥터 두리틀,ubn4DBdYDE4,닥터 두리틀 영화,핑거 스냅하고 수의사로 환생한 토니 스타크 | 닥터두리틀 | 로버트 다우니 주니어 | 로다주 | 두리틀 | 토니스타크 | 아이언맨 | 개봉하딩 | 딩고무비 |,10883,135,28,2020-01-08T11:00:20Z
348,닥터 두리틀,O52htT3o6DA,닥터 두리틀 영화,닥터 두리틀 1화 | 명작동화 | 동물과 대화하는 의사의 고민 | 영어동화  | Dr.Do little | 리틀팍스,4226,35,0,2020-01-08T02:32:19Z
349,닥터 두리틀,gVhkPPxBYZM,닥터 두리틀 영화,닥터 두리틀 _ 🍺영화 리뷰,4077,116,21,2020-01-09T10:57:24Z
350,담보,pSTRgosiAEY,담보 영화,"됐어, 됐어, 이제 그런 신파는 됐어. 그걸로 족하다고요 제발: 담보 리뷰",115210,1625,511,2020-10-08T09:00:13Z
351,담보,e59hXFm82Ks,담보 영화,세상에서 제일 사랑스러운 담보 | 담보 (Pawn) [뭅뭅픽:연관검색어] 성동일 김희원 박소이,105500,980,112,2020-09-29T09:00:16Z
352,담보,-kcLVpXq3pk,담보 영화,눈가 촉촉 감동 담보하는 그 장면! [담보] 4분 하이라이트 영상,91258,805,166,2020-10-14T12:34:35Z
353,담보,yQQiWO4dNxQ,담보 영화,영화담보리뷰!이영화는완전망해버린영화입니다,66912,531,383,2020-09-29T07:58:56Z
354,담보,uKdsYgd-f8Y,담보 영화,따뜻한 가족애와 보석같은 명대사로 박스오피스 1위 [담보]한 영화,40870,18,2,2020-10-07T02:48:01Z
355,담보,Wy3KEy1DjWw,담보 영화,‘담보’의 승이♥︎ 귀염뽀짝 박소이에 빠진 삼촌들 | 성동일.김희원.하지원 @담보(Pawn) 제작발표회,39347,479,42,2020-10-01T16:00:09Z
356,담보,5pYHK4Cr-Bk,담보 영화,&#39;담보&#39; 솔직한 리뷰,21985,185,76,2020-10-01T01:00:01Z
357,담보,C7zLIwEerLg,담보 영화,담보 [인생영화] 하이라이트 리뷰&amp;예고편,21145,70,19,2020-10-02T14:14:55Z
358,담보,cFkL5juiV6Q,담보 영화,추석의 승자는 담보였다! 데드풀 3 소식과 개봉 영화들: 한 주의 영화계 소식 10월 첫째 주,14614,363,47,2020-10-07T08:30:02Z
359,담보,OndLFth-tb0,담보 영화,[C네토크] 성동일 의외의 그림실력...! [담보] 서로를 담은 스케치북,5226,64,2,2020-10-03T03:05:33Z
360,도굴,lOHYH_AFzGk,도굴 영화,"[EN] 케미요정 배우 이제훈X조우진, 제시 마음까지 &#39;도굴&#39; 하러 옴 《제시의 쇼!터뷰》 EP.23 by 모비딕 Mobidic",2776763,0,5343,2020-11-12T09:30:10Z
361,도굴,GQluz--p3J0,도굴 영화,"내 마음 훔쳐간 천재 도굴꾼😎, 이제훈 모음ZIP [예능맛ZIP/미운우리새끼]",309751,5250,274,2020-11-05T09:00:05Z
362,도굴,QIZfd00QH2E,도굴 영화,압도적 박스오피스 1위! [도굴] 올 가을 최고의 오락 영화,169079,154,36,2020-11-12T09:34:31Z
363,도굴,JImTM6IEmvE,도굴 영화,강남 한복판 선릉역을 도굴해버리겠다는 대담한 도굴꾼...인데?: 도굴 리뷰,136112,1588,286,2020-11-12T11:00:12Z
364,도굴,spnlfVQq6c4,도굴 영화,누가 요즘 영화 볼 거 없다고 하거든 고갤 들어 개봉작 주접러를 보게 하라 (도굴/내가 죽던 날/런),37998,270,42,2020-11-04T08:50:40Z
365,도굴,elHwKI14vIM,도굴 리뷰,열심히 삽질했는데 건진 거라곤 흙더미가 전부인 도굴 가이드 리뷰,29074,654,154,2020-11-05T10:00:10Z
366,도굴,W0RxyXCwPqc,도굴 영화,"[도굴] 리뷰 / 배우들 덕분에, 서사 때문에",10175,69,42,2020-11-04T08:00:05Z
367,도굴,Hi9IGXz9fOU,도굴 영화,[7번방의 요물 EP.1] 영화 홍보보다 인형에 진심인 도굴꾼들ㅋㅋ 케베스를 탈탈 털고 가셔따★ 이제훈X조우진X임원희 KBS 20201105 방송,9044,144,11,2020-11-28T10:25:30Z
368,도굴,U87Q40nH59w,도굴 영화,"최신 개봉영화 최악은 도굴, 최고는? [보자마자 알려줌] 도굴, 내가죽던날, 애비규환, 이웃사촌, 프리키데스데이",8462,88,16,2020-11-23T08:00:05Z
369,도굴,TvWYYGLrVcU,도굴 영화,201114 도굴 무대인사 이제훈이랑 비밀 연애하는 짤,8205,217,9,2020-11-15T16:02:24Z
370,드래곤 길들이기 3,VXhy4LEDslY,드래곤 길들이기 3 영화,"드래곤 길들이기3 피규어 장난감 리뷰하기. 라이트 퓨어리, 훅팽, 스톰플라이, 미트러그 반가워. [히히튜브]",842370,12422,0,2019-02-18T12:00:05Z
371,드래곤 길들이기 3,2kcorTuPCNg,드래곤 길들이기 3 영화,[드래곤 길들이기1] 투슬리스의 귀여운 행동 모음,405293,0,0,2019-02-05T14:00:04Z
372,드래곤 길들이기 3,FRL9jEhXrrA,드래곤 길들이기 3 영화,[드래곤 길들이기 3] 새해 인사 영상,362601,90,0,2019-02-08T05:52:07Z
373,드래곤 길들이기 3,FK_eB4Uvd6E,드래곤 길들이기 3 리뷰,드래곤 길들이기3 투슬리스 피규어 장난감이랑 놀아보자. how to train your dragon 3 toothless figure review. [히히튜브],283146,6027,0,2019-02-11T12:00:02Z
374,드래곤 길들이기 3,2GGHyLq0GPE,드래곤 길들이기 3 영화,[드래곤 길들이기2] 투슬리스의 귀여운 행동 모음2,238889,0,0,2019-02-11T07:31:49Z
375,드래곤 길들이기 3,HX_uzEASGj8,드래곤 길들이기 3 영화,"드래곤길들이기3 리뷰, 자유는 그냥 주어지는게 아니다!",218285,1821,666,2019-02-05T07:36:32Z
376,드래곤 길들이기 3,4QPV1xNkYBQ,드래곤 길들이기 3 영화,Together from Afar - Jónsi (드래곤 길들이기 3 OST) 가사/한국어자막,178188,2868,389,2019-02-06T21:30:00Z
377,드래곤 길들이기 3,7AiF0M0MTuk,드래곤 길들이기 3 영화,떠나야 할 때를 알고 돌아서는 이의 깨끗한 뒷모습: 드래곤 길들이기 3 리뷰,137710,1489,435,2019-02-02T12:00:00Z
378,드래곤 길들이기 3,H-XphKB3tHQ,드래곤 길들이기 3 영화,"드래곤길들이기1, 히컵과 투슬리스의 첫만남",90607,889,187,2019-01-31T08:01:57Z
379,드래곤 길들이기 3,8_34_6wFn48,드래곤 길들이기 3 영화,[드래곤 길들이기2] 명장면 (슬픔 감동 멋짐주의),82735,0,59,2019-02-11T07:05:37Z
380,롱 리브 더 킹: 목포 영웅,LMBa2HTZ2lg,롱 리브 더 킹: 목포 영웅 영화,"김동률(Kim Dong Ryul), &#39;사랑한다는 말(The words that I love you)&#39;, &#39;롱 리브 더 킹&#39;",235100,1069,115,2019-06-19T09:14:05Z
381,롱 리브 더 킹: 목포 영웅,wgCEwWH1LVE,롱 리브 더 킹: 목포 영웅 영화,조직폭력배가 총선에 출마하는 시대착오적 망작: 롱 리브 더 킹 목포 영웅 리뷰,192885,2175,995,2019-06-22T08:00:08Z
382,롱 리브 더 킹: 목포 영웅,udLZy9lV_Bk,롱 리브 더 킹: 목포 영웅 영화,[롱 리브 더 킹 : 목포영웅] 디렉터스 컷,183210,94,19,2019-06-21T06:49:01Z
383,롱 리브 더 킹: 목포 영웅,O2Xf6ishWeg,롱 리브 더 킹: 목포 영웅 영화,영화 만드는 사람들 제발 고민 좀 많이 했으면 - 롱 리브 더 킹 : 목포영웅,40800,831,149,2019-06-25T00:00:00Z
384,롱 리브 더 킹: 목포 영웅,u-j-h4dUxJU,롱 리브 더 킹: 목포 영웅 영화,[롱 리브 더 킹: 목포 영웅] 좋은 세상을 위해 영웅이 된 보스의 통쾌한 한 방,6533,7,0,2019-07-08T05:45:59Z
385,롱 리브 더 킹: 목포 영웅,2C1vxVsXXhA,롱 리브 더 킹: 목포 영웅 영화,"김래원&amp;진선규, 영화 ＜롱 리브 더 킹＞ 액션씬 재연! [SBS 두시탈출 컬투쇼]",6446,80,5,2019-06-19T08:40:11Z
386,롱 리브 더 킹: 목포 영웅,qZhtSAQf4Lo,롱 리브 더 킹: 목포 영웅 영화,롱 리브 더 킹 : 목포영웅 _ 🍺영화 리뷰,5812,140,41,2019-06-19T08:38:27Z
387,롱 리브 더 킹: 목포 영웅,0OQYAl166z0,롱 리브 더 킹: 목포 영웅 영화,"&quot;역시 목포 오니까 다르네요&quot; &#39;롱리브더킹&#39; 목포무대인사, 메이킹필름 (김래원 실물 쩜)",5565,62,12,2019-06-24T12:11:32Z
388,롱 리브 더 킹: 목포 영웅,saJ4LeI8qCI,롱 리브 더 킹: 목포 영웅 영화,롱 리브 더 킹 목포 영웅_ 영화 미리보기 _ 무비몬스터,4303,84,24,2019-06-23T03:00:02Z
389,롱 리브 더 킹: 목포 영웅,Z_wK7F3bISM,롱 리브 더 킹: 목포 영웅 영화,조폭과 나쁜 정치인이 등장하지만 건전한 오락영화 / 영화 [롱 리브 더 킹] 리뷰,4179,20,6,2019-06-19T07:30:00Z
390,마이펫의 이중생활 2,Gp1BczaKMQY,마이펫의 이중생활 2 영화,[띠부] 폴리머클레이로 스노우볼 피규어 만들기 (마이펫 이중생활) Polymer Clay SNOWBALL,795536,16912,641,2019-08-15T21:30:02Z
391,마이펫의 이중생활 2,zGcHwuwd6bA,마이펫의 이중생활 2 영화,"[2019] 신한카드 마이펫 에디션, 귀염찬 이중생활이 시작된다!",654976,37,3,2019-07-31T08:08:29Z
392,마이펫의 이중생활 2,swa27pC3FZQ,마이펫의 이중생활 2 영화,[마이펫의 이중생활2] Incredible 리뷰 영상,189264,154,0,2019-08-01T11:48:04Z
393,마이펫의 이중생활 2,iI_U9kHT8ek,마이펫의 이중생활 2 영화,[마이펫의 이중생활2] Cats and dogs 30초 예고편,150949,123,0,2019-07-31T01:59:45Z
394,마이펫의 이중생활 2,v9uTf5PSyTY,마이펫의 이중생활 2 영화,스노우볼의 랩실력,93681,1541,36,2019-08-17T15:29:21Z
395,마이펫의 이중생활 2,TneekII6OKE,마이펫의 이중생활 2 영화,참을 수 없는 귀여움과 견디기 힘든 지루함의 콜라보: 마이펫의 이중생활2 리뷰,30587,472,82,2019-08-22T11:30:00Z
396,마이펫의 이중생활 2,mJpq0UNcUEE,마이펫의 이중생활 2 영화,마이펫의이중생활2 쿠키영상 스노볼-팬더 반전!!,16864,126,8,2019-08-19T04:59:19Z
397,마이펫의 이중생활 2,E9CizenQZ_4,마이펫의 이중생활 2 영화,마이펫의 이중생활2 한글자막 smi 다운 1080p 더빙,4250,2,0,2019-08-15T06:52:19Z
398,마이펫의 이중생활 2,K8EuWfmnWhY,마이펫의 이중생활 2 영화,[B tv 영화 추천/movie Big #76] 금주의 빅 무비 ‘마이펫의 이중생활2’,3318,15,0,2019-08-28T11:24:06Z
399,마이펫의 이중생활 2,hImZFeuWGrc,마이펫의 이중생활 2 영화,마이펫의 이중생활2 스노우볼 &amp; 클로이 Trailer [2019] [Korea Ver.],3148,24,0,2019-08-03T01:16:20Z
400,말레피센트 2,YPIKdqgaRLc,말레피센트 2 영화,[Eng CC] Maleficent 2 Makeup Transformation 말레피센트 커버메이크업 l 이사배(RISABAE Makeup),3252679,71695,3408,2019-11-02T10:00:05Z
401,말레피센트 2,eSRd3ndMaRE,말레피센트 2 영화,5년을 기다렸는데 10년을 뒤로 가버린 말레피센트와 오로라: 말레피센트 2 리뷰,58489,753,149,2019-11-05T10:00:05Z
402,말레피센트 2,LKbFcOWYBEE,말레피센트 2 영화,(스포x) 말레피센트2 보고 뽕 차올라서 찍은 2% 부족한 말레피센트 메이크업 [DISNEY&#39;S MALEFICENT MAKEUP TUTORIAL] 0zoo 영주,51687,1204,89,2019-10-21T08:00:06Z
403,말레피센트 2,AgT_PNDrYPo,말레피센트 2 영화,“안젤리나 졸리” 실물 영접?! 사무실 박차고 진짜 꿈 찾아 ‘패션의 정령’ 말레피센트 만나러 할리웃으로 떠난 CGV...★ [CGVLOG],47066,145,21,2019-10-17T08:14:36Z
404,말레피센트 2,CF7Qm7mamu8,말레피센트 2 영화,[JP/ENG] 말레피센트2 메이크업하고 디즈니 빌런 굿즈로 현대ver 코디하기! Maleficent make up tutorial + 2019Ver Outfits,43305,860,68,2019-10-17T11:00:01Z
405,말레피센트 2,IUuZ2gQbaP0,말레피센트 2 영화,말레피센트 2 비하인드 더 씬,40461,482,16,2019-10-17T15:22:54Z
406,말레피센트 2,uO0SFMYKWHI,말레피센트 2 영화,말레피센트 2 가이드 리뷰,35966,727,153,2019-10-19T09:00:09Z
407,말레피센트 2,kMlMswGBhDA,말레피센트 2 영화,말레피센트가 이런 영화였어!?,35954,830,129,2019-10-17T09:00:10Z
408,말레피센트 2,0CtuYaXzuRI,말레피센트 2 영화,[시네트워크] 리드무비x지무비! 원작을 재해석한 영화들! (feat. 말레피센트2),26529,53,35,2019-10-23T09:00:01Z
409,말레피센트 2,ClPwUUXf_Yg,말레피센트 2 영화,[말레피센트 2] 주인공들의 빌런 토크 영상,24239,520,22,2019-10-25T04:00:00Z
410,반도,Tb2mjJWDgRQ,반도 영화,부산행의 반도 못했습니다  반도 리뷰,1382439,15343,7578,2020-07-17T09:00:13Z
411,반도,XeNNKd4WW5s,반도 영화,내 눈앞에 좀비가 너무 예쁘다면? | 강츄 단편영화,1104688,10421,1059,2020-07-19T11:00:06Z
412,반도,7kkjuDSWpbw,반도 영화,급기야 관객을 탓하는 반도의 연상호 감독,1013220,10389,4210,2020-07-22T10:00:03Z
413,반도,iE-f5wqjnKM,반도 영화,한국 좀비 영화사에 길이 남을 형편없는 좀비 영화: 반도 쇼킹한 리뷰,925627,10153,6076,2020-07-18T08:00:10Z
414,반도,EAm_vpZPuh0,반도 영화,영화 《반도》 역대급 똥망작 | 솔직한 리뷰,353922,4111,2899,2020-07-16T10:22:43Z
415,반도,kVlFd8RuGtA,반도 영화,반도 제작 비하인드 스토리,344524,4130,1133,2020-07-25T02:14:32Z
416,반도,YZPQV64hFak,반도 영화,반도 제작진들이 저지른 치명적인 5대 실수,275221,2678,1645,2020-07-20T10:00:19Z
417,반도,ol7-cQdZ_eA,반도 영화,반도 가이드 리뷰,173213,3022,1009,2020-07-16T10:00:15Z
418,반도,H8k5sSwKu78,반도 영화,&#39;반도&#39;를 돌아보다: 추가타 - 반도가 최악의 좀비 영화가 된 이유는?,144472,2017,606,2020-08-07T06:00:12Z
419,반도,Nwzzv8vnoSM,반도 리뷰,요즘 핫한 반도를 무려 아이맥스에서 보고 왔습니다 엌ㅋㅋㅋ,97766,706,352,2020-07-24T06:41:42Z
420,백두산,bwzjR-hvj9Q,백두산 영화,"(유료광고) 펭수 요원, 폭발을 시켜야만 한다!",2451420,52585,4398,2019-12-29T11:00:05Z
421,백두산,2OAN0CwDaOc,백두산 영화,2019년 연말 최고의 영화 &#39;백두산&#39;,903082,10940,3043,2019-12-29T11:00:16Z
422,백두산,vBvt8GP53qA,백두산 영화,"화려하게 폭발한 270억, 진부하다 못해 어이가 없는 재난영화: 백두산 리뷰",711470,8689,3849,2019-12-22T14:00:12Z
423,백두산,RnYl9Q165Yw,백두산 리뷰,[백두산] 30초 리뷰 스팟,610216,55,7,2019-12-23T08:47:31Z
424,백두산,MRAJOfq7w4c,백두산 영화,영화 백두산에 관한 7가지 충격적 사실 총정리,513518,2981,1279,2019-12-26T10:04:43Z
425,백두산,EJC-nh6X-i4,백두산 영화,백두산 폭발하면 서울 강남이 쑥대밭? 영화 속 장면 팩트체크 해봤더니..,484519,3639,1502,2020-01-06T10:30:02Z
426,백두산,9wSl2YTkUZE,백두산 영화,"크리스마스 선물 받고 눈물나는 유니? 선물 받고, 강아지와 산책하고, 영화 백두산 보고! 크리스마스날 가족 일상! (가족브이로그) │헬로음이유니",456805,3261,524,2019-12-27T07:00:01Z
427,백두산,lfn9OgUYXrM,백두산 영화,영화 [백두산] 리뷰,283517,1565,1068,2019-12-20T12:00:11Z
428,백두산,OTfbpvf01SE,백두산 영화,한국영화(백두산)에 등장하는 북한장면을 본 탈북청년의 반응은?,177403,2536,182,2020-01-09T10:46:30Z
429,백두산,Sax2888cGDc,백두산 리뷰,백두산 가이드 리뷰,155239,3179,1047,2019-12-23T09:00:08Z
430,사자,jgLvpcMvfvA,사자 영화,엉터리 오컬트와 우스운 액션의 엉망진창 이종격투기 한 판: 사자 리뷰,181347,2252,1101,2019-08-07T02:30:02Z
431,사자,PX0QtoDj6yg,사자 영화,[티비냥] 박서준 영화 &#39;사자&#39;에 최우식이 나오는 이유! &#39;기생충(Parasite)&#39;에 박서준이 나온 이유! 예상치못한 꿀조합 ㅋㅋ| #명단공개 170227 #05,122874,1736,88,2019-08-06T02:00:00Z
432,사자,PaLsiDqTMds,사자 영화,숫자 &#39;666&#39;의 소름돋는 비밀ㅣ사자 속 떡밥 총정리ㅣ영화 사자ㅣ박서준 우도환 안성기,90646,646,279,2019-08-02T10:00:04Z
433,사자,IGSRjbJ1Sq4,사자 영화,실험 영상 사자의 힘  얼마나 셀까,76004,372,230,2019-08-07T15:23:01Z
434,사자,_OoBr7H-IOY,사자 영화,사자 가이드 리뷰 by 발없는새,70214,1262,208,2019-08-04T09:15:12Z
435,사자,UGEqazcUtgk,사자 영화,"영화 &quot;사자&quot; 의 박서준, 안성기,우도환 인터뷰",49721,1159,142,2019-08-02T09:45:02Z
436,사자,kExJm5qPvsc,사자 영화,이 영화는 절대 콘스탄틴이 될 수 없어요! - 사자,46234,941,235,2019-08-04T00:00:06Z
437,사자,gkIhW5JUEA0,사자 영화,영화 [사자] 리뷰,43466,248,299,2019-07-31T04:00:02Z
438,사자,WOsBXqHm0kU,사자 영화,The Divine Fury (2019) 사자 Movie Review | EONTALK,40973,544,93,2019-08-09T05:58:28Z
439,사자,fKK2RVA45I4,사자 영화,"잘생김엔 끝이 없다, 친구들 응원하기 위해 영화 &#39;사자&#39; 시사회에 참석한 뷔 [Eng Sub]",40356,1060,65,2019-07-31T04:26:15Z
440,삼진그룹 영어토익반,V-WWobOCpY8,삼진그룹 영어토익반 영화,"[EN] 위 캔 두 잇! 삼진그룹 영어토익반 고아성, 이솜, 박혜수의 쇼!터뷰 나들이 《제시의 쇼!터뷰》 EP.20 by 모비딕 Mobidic",1596830,0,2838,2020-10-22T09:30:10Z
441,삼진그룹 영어토익반,mSCZv0gvSD0,삼진그룹 영어토익반 영화,전교1등 수재들을 말단직원으로 뽑아 잡일시켰던 90년대 대기업클라쓰 ㄷㄷ,146722,1609,132,2020-10-22T09:45:26Z
442,삼진그룹 영어토익반,Aw7S9DfbFEI,삼진그룹 영어토익반 영화,"[4부] 201029(목)_장안의 화제 ‘삼진그룹 영어토익반’(이종필,고아성,윤성은)│김어준의 뉴스공장",126605,5559,343,2020-10-29T00:01:10Z
443,삼진그룹 영어토익반,auptRuhLhSo,삼진그룹 영어토익반 영화,"영화 &#39;삼진그룹 영어토익반&#39;, &#39;종이꽃&#39;에 대한 극과극 후기 &quot;조소를 참을 수가 없었다&quot;vs&quot;감동받아서 오열&quot;  [시네마 지옥 - 10월 23일 금요일 라이브]",110182,2167,287,2020-10-23T13:00:01Z
444,삼진그룹 영어토익반,3sWoro-jQ0M,삼진그룹 영어토익반 영화,여기서 맞짱 뜨시면 안됩니다;;👊🏻 삼토반즈 불 붙은 빙고 게임💯 | ‘삼진그룹 영어토익반’ 고아성 이솜 박혜수 인터뷰,105012,1510,175,2020-10-23T10:00:01Z
445,삼진그룹 영어토익반,PzgjC4sGCR4,삼진그룹 영어토익반 영화,위풍당당한 건 좋은데 꼭 손발을 오징어로 만들어야 성에 차나보다: 삼진그룹 영어토익반 리뷰,82756,1410,336,2020-10-28T08:00:03Z
446,삼진그룹 영어토익반,8q5jNJoW4wY,삼진그룹 영어토익반 영화,"삼토반! 놀러가자 고아성, 이솜, 박혜수의 &#39;찐친&#39; 케미 I ELLE KOREA",77326,1683,106,2020-11-06T08:00:03Z
447,삼진그룹 영어토익반,aepKqrRe_4A,삼진그룹 영어토익반 영화,"삼토반 브레인 심보람 본체 박혜수, 상상도 못한 역대급 스펙 정체?!🤭",60817,725,65,2020-11-06T09:00:00Z
448,삼진그룹 영어토익반,C4kzJFtCHYI,삼진그룹 영어토익반 영화,[삼진그룹 영어토익반] 30초 리뷰 스팟,58726,222,37,2020-10-21T04:59:52Z
449,삼진그룹 영어토익반,ohZEE4Xvzuk,삼진그룹 영어토익반 영화,너그러우면 명랑한 영화지만 정색하면 촌스러운 판타지인 삼진그룹 영어토익반 가이드 리뷰,41805,918,208,2020-10-24T06:32:11Z
450,생일,dPtkejQkbW4,생일 의미,음이의 11번째 생일! 과연 친구들에게 어떤 선물을 받았을까? 키즈카페에서 친구들과 생일파티하기! (생일VLOG) │헬로음이유니,633830,4488,0,2019-04-05T06:00:02Z
451,생일,DuBT-rvMZO4,생일 리뷰,[발디의 1주년 생일파티] 발디선생님이 파티를 열었어요!!! 그래서 갔는데 또 공부하래요!!!! 간단 리뷰 &amp; 플레이 영상,376693,1814,248,2019-04-07T00:15:01Z
452,생일,BmVwNssAReA,생일 리뷰,SUB) 욕망리뷰 : 인생을 돌아보게 되는 생일선물 언박싱ㅣ박지윤의 욕망티비,77040,1072,0,2019-04-29T15:07:50Z
453,생일,uDZ6j_yTp8M,생일 영화,[생일] 리멤버 예고편,69774,90,6,2019-04-09T05:35:31Z
454,생일,102EjduuIuQ,생일 영화,세월조차 치유하지 못하는 아픔을 조심스레 끌어안는 방법: 생일 리뷰,69402,991,265,2019-04-09T08:00:00Z
455,생일,5gnVeWG1tEY,생일 영화,"다 까는 후기: 생일(스포x) - 쏟아지는 눈물을 주체할 수 없는, 감정적으로 힘든 영화",32823,569,182,2019-04-05T03:08:09Z
456,생일,iKY3al36tbE,생일 영화,생일 가이드 리뷰 by 발없는새,22159,912,202,2019-04-08T11:00:04Z
457,생일,mDj7BJpqMiY,생일 영화,세월호 참사 후 남은 가족들의 삶을 보여준 영화,18288,217,92,2019-04-16T10:00:06Z
458,생일,Y91ViCagXeg,생일 영화,"영화 생일, 전도연이 전하는 세월호 그 이후 이야기  @본격연예 한밤 105회 20190416",13462,105,5,2019-04-16T12:55:48Z
459,생일,YIrNrhgmpA8,생일 영화,"&quot;세월호 아픔, 함부로 위로하지 말라&quot; 영화 &#39;생일&#39; 관람한 이낙연 총리가 전하는 위로의 방법",12020,966,107,2019-04-22T13:01:51Z
460,아쿠아맨,ESEkRaaZQtc,아쿠아맨 영화,추위 피하는 꿀팁ㅋㅋㅋ(feat.아쿠아맨),3546351,23749,5688,2019-01-09T01:27:42Z
461,아쿠아맨,sJ5uOcWlGV0,아쿠아맨 영화,개망작인줄 알았는데 개꿀잼이라서 깜짝 놀란 영화 아쿠아맨,1560886,9113,4299,2018-12-22T02:00:02Z
462,아쿠아맨,Ss0bpWc0X-o,아쿠아맨 영화,아쿠아맨 메라의 커밍아웃!? 배우 앰버허드 총정리,1030064,5052,1396,2018-12-29T02:28:45Z
463,아쿠아맨,EtcmBKIC_cY,아쿠아맨 영화,아쿠아맨은 실제로 물에서 촬영했을까? CG 분석,876369,6814,789,2019-01-11T09:45:01Z
464,아쿠아맨,-0HH-DH9YA0,아쿠아맨 영화,[아쿠아맨 엔딩곡] Skylar Grey - Everything I Need (한글 자막/클립),752763,13875,880,2018-12-29T14:09:04Z
465,아쿠아맨,H9P6EZ2w1sU,아쿠아맨 영화,아쿠아맨 VS 토르 몸매 변화와 운동 영상,625106,2674,546,2019-01-08T08:34:58Z
466,아쿠아맨,nETToe9doLM,아쿠아맨 영화,"ENG)퇴근 후 아쿠아맨도 보고,친구네도 놀러가고,택배 언박싱도 하는 소소한 일상",487528,10198,0,2018-12-22T11:00:05Z
467,아쿠아맨,iWqYvLO457Y,아쿠아맨 영화,비주얼 끝판왕 아쿠아맨(+쿠키 영상 해석),376686,3607,1013,2018-12-22T01:00:04Z
468,아쿠아맨,-9j4YSKt_QE,아쿠아맨 영화,예측이 불가능한 DC의 뜬금포: 아쿠아 맨 리뷰,326780,2453,1175,2018-12-21T12:00:00Z
469,아쿠아맨,1sFc3VULiws,아쿠아맨 영화,아쿠아맨 특집! 앰버 허드의 섹시한 필모그래피 (Amber Heard sexy filmography),195654,1266,241,2018-12-22T19:39:05Z
470,어스,R9SimDXvZRc,어스 리뷰,비싸다고 좋을까? 고가 수제 슬라임 VS 저가 문방구 슬라임 대결!  | Y리뷰어스 | 승헌쓰&amp;주랄라 | Slime blind test,708460,8993,480,2019-04-01T08:00:03Z
471,어스,pGivBSKhorQ,어스 영화,[어스] 미친 리뷰 영상,459935,19,4,2019-03-27T01:12:04Z
472,어스,53McxLCNlBw,어스 리뷰,중간고사 밤샘 벼락치기 유형★ 에너지 드링크 VS 민간요법! 잠 깨는 가장 효과적인 방법은? | Y리뷰어스 | 승헌쓰&amp;주랄라,337628,5759,468,2019-04-22T08:00:00Z
473,어스,gQPIjjZx82c,어스 리뷰,용암손 극복 챌린지! 클라우드 슬라임 VS 지글리 슬라임 매치| Y리뷰어스 | 승헌쓰&amp;주랄라 | Slime blind test,262083,4505,175,2019-04-08T08:00:03Z
474,어스,-nJrqlGNP44,어스 영화,"토끼와 가위, 그리고 도플갱어의 의미 : 영화 &#39;어스&#39; 해석과 스포일러리뷰",234960,1863,400,2019-03-29T13:56:02Z
475,어스,URp40rq3sBo,어스 영화,"마주잡은 손, 같은 색의 옷, 위선을 폭로하는 무언의 항의: 어스  리뷰",228383,2768,564,2019-03-31T11:30:00Z
476,어스,5zlLVSMg_V0,어스 영화,영화 어스의 숨겨진 의미 11가지 해석,196695,1162,391,2019-03-30T12:47:16Z
477,어스,gFeO8rIrXfI,어스 리뷰,에픽하이 고양이 자장가! 인간 VS 고양이 잠들기 대결 | Lullaby for a cat | Y리뷰어스 | 승헌쓰&amp;주랄라,170085,3522,139,2019-04-15T08:05:28Z
478,어스,b50MeipmQNk,어스 영화,"[홍보영상] 겟아웃, 어스 그리고 조던 필",151993,2796,359,2019-03-29T14:38:18Z
479,어스,B2k-To-VqqQ,어스 리뷰,세계 최초! 발로 만든 슬라임 리뷰  | Y리뷰어스 | 승헌쓰&amp;주랄라 | 사실은 수제 슬라임,118721,2669,171,2019-04-05T08:00:00Z
480,오케이 마담,lW-5H1grWXE,오케이 마담 영화,제목만 촌스러운 줄 알았는데... 이건 좀 너무하잖아: 오케이 마담 리뷰,165082,2064,650,2020-08-20T10:00:11Z
481,오케이 마담,1NIE7_wbyJs,오케이 마담 영화,OK! Madam (2020) 오케이 마담 Movie Trailer 4 | EONTALK,148063,1920,78,2020-08-20T01:15:00Z
482,오케이 마담,H7aE4gMv-rI,오케이 마담 영화,이걸 보고 웃으라니 황당하기 짝이 없는 오케이 마담 가이드 리뷰,129659,2440,1163,2020-08-15T06:05:39Z
483,오케이 마담,sXfOpDm2MN8,오케이 마담 영화,OK! Madam (2020) 오케이 마담 Movie Review | EONTALK,55963,660,38,2020-08-21T01:30:09Z
484,오케이 마담,tZta6fRPcec,오케이 마담 영화,오케이마담 (Feat. 프리홀리데이),21620,250,22,2020-08-12T03:00:31Z
485,오케이 마담,GxEWJlDJIDw,오케이 마담 영화,응 아니야 망작이야 - 오케이 마담,17989,568,100,2020-08-18T00:30:01Z
486,오케이 마담,4QJ4O75ACWw,오케이 마담 영화,『오케이 마담』 스포일러가 포함되어 있는 리뷰,14488,120,47,2020-08-13T08:22:25Z
487,오케이 마담,_pDl_Y4prSg,오케이 마담 영화,&#39;오케이 마담&#39; 솔직한 리뷰,12860,121,83,2020-08-14T03:00:06Z
488,오케이 마담,A-MYJP7nRBE,오케이 마담 영화,영화 리뷰 / [오케이 마담],7470,79,52,2020-08-12T07:30:53Z
489,오케이 마담,qJ3kvrxoiXc,오케이 마담 영화,"배우님들 텐션이 미쳤습니다,,✈️ 엄정화 박성웅 이상윤 본격 개그캐 대결 | &#39;오케이 마담’ 지목 인터뷰",5287,116,6,2020-08-13T06:35:06Z
490,유열의 음악앨범,-29RHcPsZO8,유열의 음악앨범 영화,"[ENG] 정해인, 김고은 무너뜨린 박지선의 드립력 : Jung Hae In, Kim Go Eun : laugh-out-loud : 영화 &#39;유열의 음악앨범&#39; 라이브챗 GV",966965,10943,534,2019-08-30T08:40:51Z
491,유열의 음악앨범,QtZaxX1I5DM,유열의 음악앨범 영화,"[ENG] 웃겨서 고통받는 김고은, 정해인 : 개그로 진 박지선 : Jung HaeIn, Kim GoEun : painful and funny : 유열의 음악앨범 라이브챗 GV",314779,4198,193,2019-08-30T15:13:54Z
492,유열의 음악앨범,xpXtJanIUcE,유열의 음악앨범 영화,"정해인, 김고은의 하트 3종 Jung Hae In, Kim Go Eun make Heart : 영화 &#39;유열의 음악앨범&#39; 라이브챗 GV : 롯데시네마 월드타워 5관",124169,2531,67,2019-08-29T07:56:23Z
493,유열의 음악앨범,XFzabUyHVoo,유열의 음악앨범 영화,(유열의 음악앨범ost) 루시드폴-보이나요 do you see my love lucid fall,116076,1972,74,2019-08-28T06:43:09Z
494,유열의 음악앨범,FD7CKyPB7fM,유열의 음악앨범 영화,매력적인 배우들이 엉성한 각본을 만나 만든 후진 멜로 영화: 유열의 음악앨범,98117,1431,493,2019-09-01T09:00:02Z
495,유열의 음악앨범,5kLCv1i5kP8,유열의 음악앨범 영화,&quot;연하는 처음...&quot; 수줍은 정해인과 빵~터진 김고은 @유열의 음악앨범 언론시사회,60356,820,33,2019-08-29T06:25:07Z
496,유열의 음악앨범,c89ZF3ez0to,유열의 음악앨범 영화,이 영화의 결말이 진짜 아쉬운 이유 (유열의 음악앨범 스포 리뷰),56609,455,93,2019-08-29T10:19:24Z
497,유열의 음악앨범,mL8kyHyUE5o,유열의 음악앨범 리뷰,첫만남에서 키스하기까지 3년이 걸린 커플,54952,269,41,2019-08-31T08:00:14Z
498,유열의 음악앨범,cdMaTi6SdnA,유열의 음악앨범 영화,"[4K] 190828 유열의 음악앨범 라이브챗 (김고은, 정해인)",39285,648,28,2019-08-28T18:22:40Z
499,유열의 음악앨범,jIkJyU4z0pU,유열의 음악앨범 영화,&#39;레트로 감성&#39; 물씬...또 하나의 첫사랑 영화 &#39;유열의 음악앨범&#39; [영화보여주는 누나],18408,104,4,2019-08-30T03:45:00Z
500,작은 아씨들,8o6JXlLkyl4,작은 아씨들 영화,엠마왓슨 인생스토리 (해리포터 헤르미온느) (작은아씨들),292087,3316,0,2020-03-03T13:46:14Z
501,작은 아씨들,8rG9slyWIQU,작은 아씨들 영화,"미워하기엔 인생이 너무 짧아🌙작은 아씨들 (2019) asmr /메그·조·베스·에이미 그리고 로리의 이야기, 공부할 때 듣기 좋은 입체음향, 영화 ambience",189708,4408,230,2020-02-12T13:00:01Z
502,작은 아씨들,YcskITGMr74,작은 아씨들 영화,작은 아씨들 가이드 리뷰,152413,2086,256,2020-02-18T09:00:11Z
503,작은 아씨들,agdZ9yLeih8,작은 아씨들 영화,"수다와 입소리 ASMR 에어팟 프로, 방수폰, 영화 &#39;작은 아씨들&#39; 🖤",121269,1193,424,2020-02-23T13:21:16Z
504,작은 아씨들,HtJmGkXgABQ,작은 아씨들 영화,박찬욱의 뮤즈에서 이젠 마블까지 접수하러 온 NEW 블랙 위도우ㅣ플로렌스 퓨ㅣ감지덕질,105113,350,42,2020-02-27T09:00:11Z
505,작은 아씨들,Ejr97lO1Wr8,작은 아씨들 영화,"이 시대에 소환한 고전의 아름다움, 그레타 거윅의 작은 아씨들: 작은 아씨들(2019) 리뷰",91808,1440,192,2020-02-23T06:30:10Z
506,작은 아씨들,nClx-68_lW8,작은 아씨들 영화,여성들이 영화 &#39;작은아씨들&#39;을 봐야 하는 이유,52225,2845,135,2020-02-15T01:00:10Z
507,작은 아씨들,ufOc_40pbVc,작은 아씨들 영화,[작은 아씨들 - 영화공식 원작소설. 오리지널 커버 특별판] 책읽어주는여자 오디오북,42267,889,56,2020-02-23T11:45:04Z
508,작은 아씨들,j7k_8_aMLig,작은 아씨들 영화,영화[작은 아씨들]리뷰/해석:페미니즘을 넘어서는 고전해석,34358,526,123,2020-02-13T19:53:38Z
509,작은 아씨들,lvymZxHx-N4,작은 아씨들 영화,&#39;작은 아씨들&#39; 소설 감동 이상으로 나온 영화,16020,232,22,2020-02-13T14:56:54Z
510,장사리 : 잊혀진 영웅들,_v2cWC4jcdQ,장사리 : 잊혀진 영웅들 영화,[영화Talk] 장사리 보면서 3번 울었습니다  ㅠㅠ,129397,13588,501,2019-09-27T14:55:36Z
511,장사리 : 잊혀진 영웅들,N5ROznv7zmE,장사리 : 잊혀진 영웅들 영화,[장사리 : 잊혀진 영웅들] 학도병 비하인드 영상,105407,544,71,2019-09-26T10:38:05Z
512,장사리 : 잊혀진 영웅들,LvGIcR7GJtQ,장사리 : 잊혀진 영웅들 영화,"결코 잊어서는 안 될 전쟁, 얼른 잊어버리고 싶은 영화: 장사리 잊혀진 영웅들 리뷰",99340,1383,474,2019-10-11T14:18:23Z
513,장사리 : 잊혀진 영웅들,5AY_CAM3N30,장사리 : 잊혀진 영웅들 영화,영화 장사리 예고편 해외반응! 메간 폭스와 같은 비행기에 탄 채드?!,97351,3583,311,2019-09-28T04:54:46Z
514,장사리 : 잊혀진 영웅들,wyIutIZc9AQ,장사리 : 잊혀진 영웅들 영화,"장사리 : 잊혀진 영웅들 (Battle of Jangsari, 2019)",35059,172,63,2019-10-01T09:48:34Z
515,장사리 : 잊혀진 영웅들,x6Bt9akrq1Y,장사리 : 잊혀진 영웅들 영화,어차피 그 영화가 그 영화니까요! - 장사리 : 잊혀진 영웅들,16424,469,109,2019-10-05T00:00:06Z
516,장사리 : 잊혀진 영웅들,WuRTZCVJuLQ,장사리 : 잊혀진 영웅들 영화,영화 [장사리 : 잊혀진 영웅들] 리뷰,15196,75,36,2019-09-28T07:09:46Z
517,장사리 : 잊혀진 영웅들,-BuWgpW3oEo,장사리 : 잊혀진 영웅들 영화,[영화 &#39;장사리: 잊혀진 영웅들&#39; 시사회] 변희재 대표 참석 ( 삼성역 코엑스 메가박스),7833,854,33,2019-09-25T09:11:45Z
518,장사리 : 잊혀진 영웅들,hcLi0qfyCws,장사리 : 잊혀진 영웅들 영화,프로는 의도가 아닌 결과로 말한다 | 장사리 잊혀진 영웅들,6143,243,16,2019-10-13T03:30:02Z
519,장사리 : 잊혀진 영웅들,TaMrlW51pUk,장사리 : 잊혀진 영웅들 영화,"잊혀졌던, 하지만 기억해야할 장사상륙작전! (다큐)",5494,86,19,2019-09-27T02:20:24Z
520,정직한 후보,47R6f5rieQQ,정직한 후보 영화,각성한 라미란식 코미디의 완성판! 근데 이 영화 어쩐지 익숙하다?: 정직한 후보 리뷰,92035,1325,255,2020-03-03T08:00:10Z
521,정직한 후보,MmTLIWshWHU,정직한 후보 영화,[정직한 후보 HONEST CANDIDATE] 폭소리뷰 영상,65221,9,0,2020-02-14T06:11:42Z
522,정직한 후보,GRNeojaUY-Q,정직한 후보 영화,정직한 후보 가이드 리뷰,55650,897,151,2020-02-14T09:00:04Z
523,정직한 후보,zagBzIk2zWo,정직한 후보 영화,[관람권 협찬]너무 웃겨서 영화판에 천만 간다고 소문났던 영화 &#39;정직한 후보&#39; - 김미경의 온.리.유,39392,697,109,2020-02-28T14:53:59Z
524,정직한 후보,_XlvsiHDv3U,정직한 후보 영화,"[내가할레온]🎬정직한후보 시사회_다미쨈 찬스로 VIP시사회 다녀올레온!!/with다미손,경아선배,꽃도규,손잡지영",8302,102,30,2020-02-14T10:40:42Z
525,정직한 후보,88yMKL3J5gI,정직한 후보 영화,Honest Candidate (2020) 정직한 후보 Movie Review | EONTALK,7026,93,7,2020-03-02T06:02:13Z
526,정직한 후보,tCxEoWMVZhc,정직한 후보 영화,영화 &#39;정직한 후보&#39;에서 라미란 후보의 아들은 누구? | VOGUE TV,5531,125,6,2020-02-25T10:05:09Z
527,정직한 후보,3vWOu5Dd-VA,정직한 후보 영화,영화[정직한 후보]리뷰:감독님!코미디는 좋지만 스토리도 챙기셔야죠,3111,31,32,2020-02-12T11:30:00Z
528,정직한 후보,__-oF4GyTXw,정직한 후보 영화,[영화랑] 거짓말 못하게 된 의원의 진심은? &#39;정직한 후보&#39; / JTBC 아침&amp;,3064,25,8,2020-02-13T01:15:02Z
529,정직한 후보,7by4T_GMuuc,정직한 후보 영화,[씨네 한 수] 1500만 관람으로 라미란 출마시키자! 영화 『정직한 후보』 - 박혜은 (더 스크린 편집장) [세계는 그리고 우리는],2621,53,2,2020-02-14T12:02:29Z
530,존 윅 3: 파라벨룸,f4i0OJTcdAc,존 윅 3: 파라벨룸 영화,액션 끝판왕 존 윅 3 솔직 감상 후기 리뷰 (최소한의 스포),244390,2586,774,2019-06-26T09:26:35Z
531,존 윅 3: 파라벨룸,geA-dioFJtU,존 윅 3: 파라벨룸 영화,존윅 3 본 사람만 들어와! 명장면 명대사 존윅 리얼 후기,234135,1639,689,2019-06-28T11:06:26Z
532,존 윅 3: 파라벨룸,CDcwymmo5Xs,존 윅 3: 파라벨룸 영화,"전작들에 미치지 못한 존 윅 3, 와패니즘이 영화에 미치는 영향 - 존 윅 3: 파라벨룸 리뷰",108894,1371,621,2019-07-02T09:15:01Z
533,존 윅 3: 파라벨룸,exw9YlcXft0,존 윅 3: 파라벨룸 영화,영혼까지 썰어버리는 존 윅! 키아누 리브스의 배우 인생에 대해 알아보자,82023,751,167,2019-07-03T10:00:07Z
534,존 윅 3: 파라벨룸,Mh6j_pIc6Nc,존 윅 3: 파라벨룸 영화,존윅 순정 VS 커스텀 전격 리뷰!! [HotToys],73526,1347,253,2019-06-26T09:00:02Z
535,존 윅 3: 파라벨룸,r6a579ID0dw,존 윅 3: 파라벨룸 영화,"존 윅 3: 파라벨룸, 비하인드 &amp; 사소한 사실 35가지",62280,437,80,2019-06-27T05:47:28Z
536,존 윅 3: 파라벨룸,rrIqSIugbvw,존 윅 3: 파라벨룸 영화,[시계 브랜드 사전 4화]칼 에프 부커러(Carl F. Bucherer). 영화 존윅을 본 자 무조건 클릭하라! [WM워치매거진],60116,925,120,2019-07-20T05:14:45Z
537,존 윅 3: 파라벨룸,G9h0fqvleyc,존 윅 3: 파라벨룸 영화,&#39;존 윅 3: 파라벨룸&#39; 관람 전에 꼭 보세요! 시리즈의 세계관과 지난 이야기 간단 정리!,49391,1916,145,2019-06-26T02:45:42Z
538,존 윅 3: 파라벨룸,S7_h62C8Xts,존 윅 3: 파라벨룸 영화,존 윅 3 : 파라벨룸 _ 🍺영화 리뷰,7938,207,63,2019-06-28T02:30:01Z
539,존 윅 3: 파라벨룸,UP9YgswuDak,존 윅 3: 파라벨룸 영화,존윅3 파라벨룸 리뷰!(스포) 액션의 예술화! 와씨 눈물나게 간지난다! ㅠㅜ,7913,46,14,2019-06-26T16:18:13Z
540,주먹왕 랄프 2: 인터넷 속으로,2u1k9Jkw0Rk,주먹왕 랄프 2: 인터넷 속으로 영화,디즈니 공주들이 드레스 벗고 츄리닝 입은 진정한 이유?!,1542708,14744,2678,2019-01-09T07:42:46Z
541,주먹왕 랄프 2: 인터넷 속으로,PPM3fnvVNA8,주먹왕 랄프 2: 인터넷 속으로 영화,"프린세스 유니버스를 꿈꾸는 디즈니 빅픽처, 주먹왕 랄프2 리뷰",334651,2893,758,2019-01-06T01:02:53Z
542,주먹왕 랄프 2: 인터넷 속으로,yhrl6clB1Es,주먹왕 랄프 2: 인터넷 속으로 영화,"집착왕 랄프의 인터넷 모험, 왜 이렇게 변했지? - 주먹왕 랄프2: 인터넷 속으로 리뷰",47942,738,269,2019-01-11T12:45:00Z
543,주먹왕 랄프 2: 인터넷 속으로,vqDHfPh2v3g,주먹왕 랄프 2: 인터넷 속으로 영화,[스포없는리뷰] 주먹왕 랄프 2: 인터넷 속으로 - 디즈니가 진화했습니다,38484,1074,288,2019-01-06T02:30:19Z
544,주먹왕 랄프 2: 인터넷 속으로,ATL7_ZRG_rY,주먹왕 랄프 2: 인터넷 속으로 영화,"Julia Michael - In This Place - 주먹왕 랄프2 OST [한글/번역/가사, ENG-KOR Sub Lyric video]",33916,475,21,2019-01-29T14:23:06Z
545,주먹왕 랄프 2: 인터넷 속으로,sCYvptJQokg,주먹왕 랄프 2: 인터넷 속으로 영화,주먹왕랄프 카트를 고쳐온 랄프,32446,250,0,2019-01-07T05:18:42Z
546,주먹왕 랄프 2: 인터넷 속으로,91naDr4MPA8,주먹왕 랄프 2: 인터넷 속으로 영화,주먹왕 랄프 2 보기 전에 꼭 보세요! 전편의 설정과 주요인물 간단 정리!,21998,697,66,2019-01-06T02:38:05Z
547,주먹왕 랄프 2: 인터넷 속으로,VjmMlNgVx_4,주먹왕 랄프 2: 인터넷 속으로 영화,"핵심 세계관과 1편 요약정리 [줄거리 알려줌] 주먹왕 랄프 2: 인터넷 속으로 (Ralph Breaks the Internet, 2018)",21114,126,12,2019-01-03T09:00:05Z
548,주먹왕 랄프 2: 인터넷 속으로,muCYkDNOepw,주먹왕 랄프 2: 인터넷 속으로 영화,내가 좋아하는 디즈니 공주들 다 나오네💖💖 | 딩고무비 영덕리뷰 | 주먹왕 랄프 2: 인터넷 속으로,20861,190,14,2019-01-14T07:10:48Z
549,주먹왕 랄프 2: 인터넷 속으로,HXD4MVfH6eQ,주먹왕 랄프 2: 인터넷 속으로 영화,"ENG) 100초 리뷰, 이 영화 어때? [주먹왕 랄프2: 인터넷 속으로] Ralph Breaks the Internet-Movie Reviewㅣ민소희 Sohee",17765,534,80,2019-01-03T11:52:02Z
550,쥬만지: 넥스트 레벨,0f-YO7mEu5A,쥬만지: 넥스트 레벨 영화,클쓰마쓰엔 놀이동산말고 [쥬만지: 넥스트 레벨],409661,17,35,2019-12-12T06:31:21Z
551,쥬만지: 넥스트 레벨,bWsNWtylaVc,쥬만지: 넥스트 레벨 영화,&quot;쥬만지: 넥스트 레벨&quot; #IMAX 로 보면 게임 속 몰입감 대박일 듯ㄷㄷ,290573,10,3,2019-12-20T05:08:13Z
552,쥬만지: 넥스트 레벨,B3k2Dq7hVpQ,쥬만지: 넥스트 레벨 영화,시대착오적인 모험물이 보여주는 처참한 발버둥 - 쥬만지: 넥스트 레벨 리뷰,71164,938,203,2019-12-19T12:00:10Z
553,쥬만지: 넥스트 레벨,-YoSNRwNA28,쥬만지: 넥스트 레벨 영화,영화 [쥬만지 :  넥스트 레벨] 리뷰,28265,155,46,2019-12-12T11:05:05Z
554,쥬만지: 넥스트 레벨,rAECW2nIVPw,쥬만지: 넥스트 레벨 영화,"Drawing Dwayne Johnson from Movie[JUMANJI: THE NEXT LEVEL] - marki draws, colored pencil",22715,443,46,2019-12-14T14:01:43Z
555,쥬만지: 넥스트 레벨,rNfvgCVLKM8,쥬만지: 넥스트 레벨 영화,갑자기 팬클럽 정모 분위기! 봉준호 X 박찬욱 덕밍아웃 하는 &quot;쥬만지: 넥스트 레벨&quot; 배우들 ㅋㅋㅋㅋ - CGV 멕시코 정킷 단독 인터뷰 &#39;덕밍아웃&#39; 편,13543,117,10,2019-12-11T08:19:27Z
556,쥬만지: 넥스트 레벨,FpYRwtAKUtc,쥬만지: 넥스트 레벨 영화,"보드게임이 현실이 되어 나타난다면?ㅣ쥬만지ㅣ(영화리뷰,결말포함)",8718,79,41,2019-12-24T09:12:02Z
557,쥬만지: 넥스트 레벨,vibeFvphf7Y,쥬만지: 넥스트 레벨 영화,연기 칭찬에 대한 드웨인 존슨 반응 ㅋㅋㅋㅋ &quot;쥬만지: 넥스트 레벨&quot;,7841,110,4,2019-12-14T08:00:24Z
558,쥬만지: 넥스트 레벨,OYNaKi758UI,쥬만지: 넥스트 레벨 영화,쥬만지 : 넥스트 레벨 리뷰,7072,235,35,2019-12-17T00:00:02Z
559,쥬만지: 넥스트 레벨,2JbmMhtxSYc,쥬만지: 넥스트 레벨 영화,쥬만지로 마동석 초대하는 드웨인 존슨! &quot;쥬만지: 넥스트 레벨&quot; CGV 멕시코 정킷 단독 인터뷰 &#39;마동석 초대&#39; 편,6828,82,12,2019-12-12T08:00:00Z
560,천문: 하늘에 묻는다,78ZtR8gI_Kc,천문: 하늘에 묻는다 영화,문과 끝판왕 임금과 이과 끝판왕 노비가 콜라보하면 벌어지는 일,3111718,23127,5361,2020-01-02T10:00:01Z
561,천문: 하늘에 묻는다,Z6vuC_SeYCA,천문: 하늘에 묻는다 영화,[천문: 하늘에 묻는다] 극찬 릴레이 영상,304774,11,3,2019-12-26T01:10:06Z
562,천문: 하늘에 묻는다,ntHyKe8fJdo,천문: 하늘에 묻는다 영화,세종과 장영실... 두 남자의 꿈과 사랑이 이토록 절절한 까닭은?- 천문: 하늘에 묻는다 리뷰,163272,2394,558,2020-01-02T12:00:12Z
563,천문: 하늘에 묻는다,mlttoFIfBRU,천문: 하늘에 묻는다 영화,영화 [천문 : 하늘에 묻는다] 리뷰,67446,410,253,2019-12-26T12:00:18Z
564,천문: 하늘에 묻는다,aSaHctjWNf8,천문: 하늘에 묻는다 영화,[영화 천문 리뷰]훌륭한 연기 부담스러운 브로맨스 #천문 #천문리뷰 #영화천문,42873,86,34,2019-12-27T13:44:04Z
565,천문: 하늘에 묻는다,6aJQjCdfMDA,천문: 하늘에 묻는다 리뷰,씨네타운 나인틴 2화 / 노비가 반말하다가 맞아 죽은 사연,18077,544,49,2020-01-02T07:23:20Z
566,천문: 하늘에 묻는다,x5ESoD97rIc,천문: 하늘에 묻는다 영화,"영화 [천문 : 하늘에 묻는다]의 배우 ‘한석규’, ‘최민식’ 인터뷰!",14935,149,15,2020-01-07T06:12:22Z
567,천문: 하늘에 묻는다,_3xh6K94eXQ,천문: 하늘에 묻는다 영화,main theme from ‘Forbidden Dream’ ‘천문’ 메인 테마 ✔,10733,124,18,2020-01-10T10:05:18Z
568,천문: 하늘에 묻는다,-OtfpPICY44,천문: 하늘에 묻는다 영화,천문 : 하늘에 묻는다 _ 🍺영화 리뷰,9332,190,108,2019-12-27T09:00:00Z
569,천문: 하늘에 묻는다,oG5z0EIzhuc,천문: 하늘에 묻는다 영화,영화 “천문” 관람포인트 총정리,9162,177,31,2019-12-31T08:02:04Z
570,클로젯,bvr2MC9h6Mc,클로젯 영화,동서양 공포 클리셰를 냅다 부어버린 계몽주의적 미스터리 영화: 클로젯 리뷰,100917,1337,381,2020-02-17T11:30:12Z
571,클로젯,ITWWNHwyV7Q,클로젯 영화,클로젯 가이드 리뷰,57195,1124,265,2020-02-10T09:00:07Z
572,클로젯,MkInEpQK7Cg,클로젯 영화,한국영화 먹방 모음_41(순정/클로젯/싸움/피에타)Korean Movie Eating Scene Collection,42150,139,14,2020-03-04T23:11:34Z
573,클로젯,UlK0izArJdc,클로젯 영화,[시네트워크] 리드무비x지무비! 한국 미스터리 영화👻 (feat.클로젯),36874,98,45,2020-02-07T05:46:48Z
574,클로젯,IQ-w-xTvTJE,클로젯 영화,클로젯 공포영화인데 하나도 안 무서운 이유 (귀신에 숨겨진 의미 해석),32408,481,273,2020-02-08T00:59:29Z
575,클로젯,UJYNzFkSDxY,클로젯 영화,김남길더러 &quot;요술공주 밍키&quot;라는&#39;별명 장인&#39; 하정우! &#39;클로젯&#39;  [팬터뷰],29526,630,46,2020-02-05T10:33:18Z
576,클로젯,1N9cQgPLcjE,클로젯 영화,하정우에게 실망한 이유 - 클로젯,27354,638,190,2020-02-15T09:33:21Z
577,클로젯,w-A_lmTX0hI,클로젯 영화,200208 &#39;클로젯&#39; 무대인사 - 아무말 대잔치 하정우 + 미친텐션과 현타를 오가는 김남길 배우 존웃ㅋㅋㅋㅋㅋ @코엑스 mx+3관,15776,368,16,2020-02-08T20:10:24Z
578,클로젯,PIzX6PUPaEg,클로젯 영화,"하정우의 능청 개그에 빵빵 터지는 김남길 : 하이라이트 : Ha Jung Woo, Kim Nam Gil : 영화 &#39;클로젯&#39; 스타라이브톡 GV 중 : 200203",11537,210,13,2020-02-06T00:48:08Z
579,클로젯,aqf7t31yAT0,클로젯 영화,[클로젯] 소품 언박싱 영상,11005,200,17,2020-02-07T03:08:30Z
580,테넷,Q27Ulalxwbw,테넷 영화,사토르보다 위험한 영화 ‘테넷’ 완전 해석,1250992,14276,2435,2020-08-29T01:00:05Z
581,테넷,yDJa_IQGDeA,테넷 리뷰,[테넷] 극찬 리뷰 스팟,1019011,173,61,2020-08-26T04:09:39Z
582,테넷,t6yb8x-XBlE,테넷 영화,《테넷》  초등학생도 이해할 수 있게 쉽게 정리한 설명 영상 (스포有 / 어려운 과학이론 다 뺌),653785,6946,2511,2020-08-26T12:32:46Z
583,테넷,FOQWfthZRac,테넷 영화,"[테넷] 해석(분석) 리뷰 / 영화 99% 이해하고, 속시원하게 다 정리함! (과학이론X)",565109,7710,1257,2020-08-29T03:31:53Z
584,테넷,a8Hpvk5OlGw,테넷 영화,[테넷] 해석(분석) 리뷰 -1부- / 영화 99% 이해하고 만든 영상! (과학이론X),324122,4033,491,2020-08-26T11:17:36Z
585,테넷,RR8x6Of4sRo,테넷 영화,[Full Ver.] &quot;테넷&quot; 랜선 GV 풀 버전! (feat. 이동진 평론가 X 김상욱 물리학자),265231,5301,550,2020-09-04T10:02:32Z
586,테넷,snAg70Dr5CI,테넷 영화,테넷 : 마지막 전투 닐의 동선 애니메이션으로 완전 정리,258626,3828,732,2020-09-09T13:02:28Z
587,테넷,BkIAMEXg5i8,테넷 영화,놀란 감독의 역작! 당신만 몰랐던 [테넷] 개쩌는 비하인드 총정리,237855,2751,334,2020-08-28T10:00:03Z
588,테넷,GdKztfnE3oc,테넷 영화,말장난으로 변명이나 늘어놓는 크리스토퍼 놀란 최하의 영화: 테넷 리뷰,186036,2622,2473,2020-08-29T08:00:12Z
589,테넷,x5G8E0jDADc,테넷 영화,9분으로 테넷 세계관과 영화 정리하기(관람 전 시청!),182608,3558,524,2020-08-27T15:45:13Z
590,퍼펙트맨,0MkDo97r5BQ,퍼펙트맨 영화,외국 영화 따라가다 퍼펙트하게 망가진 영화: 퍼펙트 맨 리뷰,120437,1282,432,2019-10-27T10:30:00Z
591,퍼펙트맨,fdgmAcPCnPY,퍼펙트맨 영화,이딴 더럽고 추악하고 저질스런 영화를 보고 웃으라고?(욕설주의) - 퍼펙트맨,35388,833,210,2019-10-20T00:00:03Z
592,퍼펙트맨,uSaup78YkSc,퍼펙트맨 영화,영화 [퍼펙트맨] 리뷰,6345,29,14,2019-10-04T08:47:16Z
593,퍼펙트맨,BdEGGBAPsaA,퍼펙트맨 영화,광대의 여린 분노 &#39;조커&#39;…어색한 우정 &#39;퍼펙트맨&#39; (2019.10.03/뉴스투데이/MBC),5155,40,48,2019-10-02T22:43:25Z
594,퍼펙트맨,qoyMEguJOE0,퍼펙트맨 영화,&#39;조커&#39;부터 &#39;퍼펙트맨&#39;까지...가을 극장가 달굴까? / YTN,3689,14,5,2019-10-03T13:53:18Z
595,퍼펙트맨,hHxq9-JO11I,퍼펙트맨 영화,&#39;퍼펙트맨&#39; 감독에게 별 걸 다 물어봄(스포주의),3395,28,1,2019-10-02T09:00:06Z
596,퍼펙트맨,xteuNipegl8,퍼펙트맨 영화,(국내여행)부산야경명소 황령산봉수대! 영화퍼펙트맨 촬영지,3003,26,6,2019-10-13T09:25:13Z
597,퍼펙트맨,rHzxdwCbDGE,퍼펙트맨 영화,퍼펙트맨_영화 속 이런 법,2871,8,0,2019-10-23T05:48:25Z
598,퍼펙트맨,pQg_wBKAVdg,퍼펙트맨 영화,191008 퍼펙트맨 라이브챗 설경구 마지막인사 @롯데시네마월드타워,2861,0,0,2019-10-08T15:51:21Z
599,퍼펙트맨,CSMwBC5X0wM,퍼펙트맨 영화,영화 퍼펙트맨 남포동 BIFF 광장 무대인사 l 부산싸나이아입니까?,2014,18,22,2019-10-05T11:45:00Z
600,포드 V 페라리,E4TChGiVrI8,포드 V 페라리 영화,"두 남자의 인생이, 승부가, 자동차가 심장을 터뜨릴 것 같은 작품: 포드 V 페라리 리뷰",96215,1829,352,2019-12-15T04:00:13Z
601,포드 V 페라리,AP41jgh8maU,포드 V 페라리 영화,포드 V 페라리 가이드 리뷰,95394,1926,406,2019-12-08T09:00:00Z
602,포드 V 페라리,tFGlG8uPRB4,포드 V 페라리 영화,[포드 V 페라리]  IMAX 필수 관람! 영상,51824,24,15,2019-12-05T05:43:00Z
603,포드 V 페라리,k2VQ04JBP3o,포드 V 페라리 영화,포드V페라리 - 갑자기 &quot;안녕하세요&quot; ??? 캐롤 쉘비는 왜 한국어 인사를 했을까??,28045,100,69,2019-12-14T09:27:50Z
604,포드 V 페라리,iMge7E8TfCI,포드 V 페라리 영화,[Live] 포드V페라리 영화관람 후기♥,19156,667,55,2019-12-18T15:57:45Z
605,포드 V 페라리,-p2eRFNR7dc,포드 V 페라리 영화,[포드 V 페라리] 스포 리뷰! 15분안에 다시보기! 배경 해석 인물 비하인드 스토리 정리!,16744,165,96,2019-12-07T11:39:15Z
606,포드 V 페라리,E-dVD6ll1XY,포드 V 페라리 영화,영화 포드V페라리 / 영화V실제레이싱 [ 읫차 ],12769,238,22,2019-12-20T13:00:10Z
607,포드 V 페라리,oPhjcg57mxk,포드 V 페라리 영화,"스크린 독과점 논란에도 굳건한 겨울왕국 2, 포드 v 페라리, 나이브스 아웃 개봉: 한 주의 영화계 소식 12월 첫째 주",12702,314,70,2019-12-04T12:30:03Z
608,포드 V 페라리,hL_4ENOOaSM,포드 V 페라리 영화,포드v페라리 뒷이야기 곧바로 르망의 패배를 설욕한 페라리,12642,109,34,2019-12-19T03:45:02Z
609,포드 V 페라리,_gAG0orGeEI,포드 V 페라리 영화,직장인이라면 공감 100% 하는 이유 - 포드v페라리,12559,402,69,2019-12-11T00:00:04Z
610,항거:유관순 이야기,Qj3Ei6pEbik,항거:유관순 이야기 영화,영화 &#39;항거&#39;의 주인공 고아성과 출연진 함께한 &#39;아리랑&#39;,240032,6693,289,2019-03-01T06:23:05Z
611,항거:유관순 이야기,ZnkOz4Lbjjo,항거:유관순 이야기 영화,영화 &#39;항거&#39; 관람한 이낙연 총리가 일어나지 못한 이유는? 유관순 열사 유가족과 함께 영화 관람 후 남긴 말,105564,1906,324,2019-03-04T08:24:58Z
612,항거:유관순 이야기,V7plADhct1I,항거:유관순 이야기 영화,&#39;항거: 유관순이야기&#39; 전설이 되어버린 17살 소녀이야기,90493,1257,284,2019-03-04T08:01:49Z
613,항거:유관순 이야기,K12OP-XPrsk,항거:유관순 이야기 영화,항거: 유관순 이야기 가이드 리뷰 by 발없는새,75079,1644,220,2019-03-03T11:00:02Z
614,항거:유관순 이야기,Jj5CG8DlBy4,항거:유관순 이야기 영화,"3.1 운동 100주년에, 유관순에 바치기엔 초라한 영화 - 항거: 유관순 이야기 리뷰",53246,786,189,2019-03-12T11:30:01Z
615,항거:유관순 이야기,pmF-BKeaegU,항거:유관순 이야기 영화,역사스캔들 205화-영화 항거 유관순이야기 서대문형무소에서의 1년의 기록★한나TV,41185,809,190,2019-02-28T15:05:57Z
616,항거:유관순 이야기,ySQySo5MWlU,항거:유관순 이야기 영화,배우 고아성이 영화 ‘항거’를 해야겠다고 결심한 이유 #ELLE타임라인 I ELLE KOREA ​,24276,420,41,2019-03-01T03:00:04Z
617,항거:유관순 이야기,sm7d-X0VkJI,항거:유관순 이야기 영화,다시 울려퍼진 만세 함성…영화 &#39;항거: 유관순 이야기&#39; / SBS,14831,75,20,2019-03-02T00:04:36Z
618,항거:유관순 이야기,-EpGRnwWGB4,항거:유관순 이야기 영화,"삼일절 백주년, 이 영화 보셨어요?  항거:유관순 이야기 리뷰",13357,67,49,2019-03-01T07:53:10Z
619,항거:유관순 이야기,7rzb09vrIBI,항거:유관순 이야기 영화,"3.1 운동 100주년에 만나는 뜻 깊은 영화 [항거: 유관순 이야기]의 배우 고아성, 김예은, 정하담 인터뷰!",11145,57,2,2019-03-28T02:33:13Z
620,해치지않아,A3aL2shIKmM,해치지않아 영화,영화 「해치지않아」 실사판..? 직립 보행으로 자전거 밀어주는 댕댕이┃Dog Pushes Owner’s Bicycle While Walking Upright,188888,2708,227,2020-01-22T09:00:02Z
621,해치지않아,DeWRtk0MD0E,해치지않아 영화,동물원 북극곰이 진짜로 콜라를 마셨을 때 벌어지는 일: 해치지않아 리뷰,121309,1446,220,2020-01-24T10:00:31Z
622,해치지않아,xbCJeQYB0tA,해치지않아 영화,해치지않아 가이드 리뷰,74809,1394,155,2020-01-17T09:00:12Z
623,해치지않아,CwCMkfuXytY,해치지않아 영화,레이지본 - &quot; 동산파크 &quot; [영화 &quot;해치지않아&quot; OST],48476,771,111,2020-01-24T03:15:37Z
624,해치지않아,4Qb12uSLWvY,해치지않아 영화,한국영화 먹방 모음_26(해치지않아/군산 거위를노래하다/그때그사람들/성난변호사)Korean Movie Eating Scene Collection,38864,137,5,2020-02-05T10:58:13Z
625,해치지않아,eQSjoeo6kOE,해치지않아 영화,[해치지않아] 로고송,21433,0,0,2020-01-20T06:01:06Z
626,해치지않아,W8n5moQG6Mw,해치지않아 영화,영화 [해치지않아] 리뷰,15368,93,49,2020-01-15T12:00:09Z
627,해치지않아,Kqi0payBcmI,해치지않아 영화,해치지않아 - 스타워즈에 나오는 털 달린 동물,12124,87,20,2020-02-08T15:46:03Z
628,해치지않아,z8zGodOry_8,해치지않아 영화,해치지않아 [보자마자 알려줌] 뻔뻔한 동물원 이야기로 제2의 &#39;극한직업&#39;을 노렸으나…,8805,65,11,2020-01-16T04:27:35Z
629,해치지않아,ko4ilHIaMdM,해치지않아 영화,북극곰의 신분을 망각하고 관람객 앞에서 콜라 한 모금을 마시게 되는데… 이런 동물원 처음 봐? 선을 넘은 녀석들의 과감한 도전이 시작된다! [해치지않아],7284,41,2,2020-01-18T03:23:50Z
630,히트맨,k5vhOzLzyjU,히트맨 영화,대한민국이 건강해지는 그날까지 본격 영양 상담 에스더쇼,113621,2153,89,2020-01-22T07:46:43Z
631,히트맨,BdImoD5oxMo,히트맨 영화,"⚡️ 한국영화 히트맨 정준호, 권상우 주연 영화 시사회 VLOG | 시사회 날에 깜짝 놀랄만한 일이~?😲",108486,1091,122,2020-01-24T09:19:28Z
632,히트맨,EvOrZfnDRVY,히트맨 영화,국정원의 암살요원이 가난한 웹툰 작가가 된 기막힌 사연: 히트맨 리뷰,87139,1063,350,2020-02-09T11:00:12Z
633,히트맨,caB5Y-xPjG8,히트맨 영화,"2020 설 한국 영화 삼파전! 남산의 부장들, 히트맨, 미스터 주! 어떤 영화 골라야 할지 알려드립니다! - 다 까는 후기 설 특집",81551,1388,356,2020-01-25T12:14:37Z
634,히트맨,BiCTiHHMO2U,히트맨 영화,영화 [히트맨] 리뷰,60892,324,243,2020-01-23T12:00:02Z
635,히트맨,DwkBoamCHCw,히트맨 영화,히트맨 마지막 전투씬 삽입곡 (드렁큰 타이거 - Monster),29962,311,100,2020-01-29T06:32:50Z
636,히트맨,LnpXBwq05Ko,히트맨 영화,히트맨 _ 🍺영화 리뷰,9832,170,93,2020-01-24T02:59:14Z
637,히트맨,OxhIg_1SJ_w,히트맨 리뷰,SANGAKU 의 TMI [HITMAN HD-27 전자드럼 리뷰],7878,43,35,2020-01-23T05:28:08Z
638,히트맨,WEvXVtO_O0k,히트맨 영화,영화 히트맨&amp;기분전환으로 히피펌&amp;자만추 란?! [지수민의 낮과밤],5511,118,38,2020-02-14T13:25:13Z
639,히트맨,Jy-1JjtniWY,히트맨 영화,히트다 히트! &#39;히트맨&#39; 정준호X이이경 놀토 왔어요! | 놀라운 토요일 - 도레미 마켓 amazingsaturday EP.93,4443,54,1,2020-01-25T11:35:05Z
640,"힘을 내요, 미스터 리",PfSkdz7Ara0,"힘을 내요, 미스터 리 영화","추석 삼파전 다 까버리는 후기! 나쁜 녀석들, 타짜3, 힘을내요 미스터리 총정리편!",89719,1425,321,2019-09-12T09:52:35Z
641,"힘을 내요, 미스터 리",LnAs2W7tI3k,"힘을 내요, 미스터 리 영화","[속보] 추석 연휴, CGV 흥행주의보 발령!! 씨네캐스터가 추석 라인업 한 방에 싹 정리해드립니다 :) [무비TMI]",39909,191,16,2019-09-11T03:05:33Z
642,"힘을 내요, 미스터 리",UozsJFAWRaE,"힘을 내요, 미스터 리 영화","힘을내요 망작영화제까지 - 힘을 내요, 미스터리",28159,642,134,2019-09-23T00:00:01Z
643,"힘을 내요, 미스터 리",9RNFF2hHrbc,"힘을 내요, 미스터 리 영화","영화 [힘을 내요, 미스터 리] 리뷰",22498,116,35,2019-09-11T12:00:13Z
644,"힘을 내요, 미스터 리",fmVIOSXfJ1Q,"힘을 내요, 미스터 리 영화",디질래요 미스터리? 절대 속지 마세요 여러분 [힘을내요미스터리리뷰],11104,81,153,2019-09-12T19:42:48Z
645,"힘을 내요, 미스터 리",8pBV8LP0JP4,"힘을 내요, 미스터 리 영화",[브금브금] 2019년 8월부터 9월 최신 영화 예고편 사용음악 모음 korea movie trailer 2019 best bgm ost,8006,60,14,2019-09-16T05:14:00Z
646,"힘을 내요, 미스터 리",-U8VhdMogPU,"힘을 내요, 미스터 리 영화",(스포포함)힘을내요 미스터리 리뷰 가벼운 추석영화가 아니네?,4645,21,6,2019-09-12T11:06:45Z
647,"힘을 내요, 미스터 리",I9pulIZ1-Eo,"힘을 내요, 미스터 리 영화",힘을 내요 미스터리 무대인사에서 엄채영과 박해준의 가시나,4507,48,4,2019-09-14T13:07:49Z
648,"힘을 내요, 미스터 리",58KliCgVxjw,"힘을 내요, 미스터 리 영화","코미디와 감동의 조화! [힘을내요 미스터리]의 배우 &#39;차승원&#39;, &#39;박해준&#39; 인터뷰!",2922,40,1,2019-09-24T06:00:01Z
649,"힘을 내요, 미스터 리",MEgNIM0Whak,"힘을 내요, 미스터 리 영화",영화 &#39;나쁜 녀석들: 더 무비&#39; 김아중  / YTN KOREAN,2905,15,0,2019-09-16T09:08:12Z
